[{"model": "admin.logentry", "pk": 1, "fields": {"action_time": "2021-09-29T01:46:05.878Z", "user": 1, "content_type": 29, "object_id": "1", "object_repr": "A", "action_flag": 1, "change_message": "[{\"added\": {}}]"}}, {"model": "admin.logentry", "pk": 2, "fields": {"action_time": "2021-09-29T01:46:15.032Z", "user": 1, "content_type": 29, "object_id": "2", "object_repr": "B", "action_flag": 1, "change_message": "[{\"added\": {}}]"}}, {"model": "admin.logentry", "pk": 3, "fields": {"action_time": "2021-09-29T01:46:24.183Z", "user": 1, "content_type": 29, "object_id": "3", "object_repr": "C", "action_flag": 1, "change_message": "[{\"added\": {}}]"}}, {"model": "admin.logentry", "pk": 4, "fields": {"action_time": "2021-09-29T01:46:32.072Z", "user": 1, "content_type": 29, "object_id": "4", "object_repr": "D", "action_flag": 1, "change_message": "[{\"added\": {}}]"}}, {"model": "admin.logentry", "pk": 5, "fields": {"action_time": "2021-09-29T01:46:49.623Z", "user": 1, "content_type": 29, "object_id": "5", "object_repr": "E", "action_flag": 1, "change_message": "[{\"added\": {}}]"}}, {"model": "admin.logentry", "pk": 6, "fields": {"action_time": "2021-09-29T01:46:57.888Z", "user": 1, "content_type": 29, "object_id": "6", "object_repr": "F", "action_flag": 1, "change_message": "[{\"added\": {}}]"}}, {"model": "admin.logentry", "pk": 7, "fields": {"action_time": "2021-09-29T01:47:07.850Z", "user": 1, "content_type": 29, "object_id": "7", "object_repr": "G", "action_flag": 1, "change_message": "[{\"added\": {}}]"}}, {"model": "admin.logentry", "pk": 8, "fields": {"action_time": "2021-09-29T01:50:07.150Z", "user": 1, "content_type": 26, "object_id": "1", "object_repr": "Razonamiento cuantitativo", "action_flag": 1, "change_message": "[{\"added\": {}}]"}}, {"model": "admin.logentry", "pk": 9, "fields": {"action_time": "2021-09-29T01:50:13.933Z", "user": 1, "content_type": 26, "object_id": "2", "object_repr": "Ingles", "action_flag": 1, "change_message": "[{\"added\": {}}]"}}, {"model": "admin.logentry", "pk": 10, "fields": {"action_time": "2021-09-29T01:50:28.830Z", "user": 1, "content_type": 26, "object_id": "3", "object_repr": "Lectura critica", "action_flag": 1, "change_message": "[{\"added\": {}}]"}}, {"model": "admin.logentry", "pk": 11, "fields": {"action_time": "2021-09-29T01:51:01.328Z", "user": 1, "content_type": 27, "object_id": "1", "object_repr": "MUY BAJA", "action_flag": 1, "change_message": "[{\"added\": {}}]"}}, {"model": "admin.logentry", "pk": 12, "fields": {"action_time": "2021-09-29T01:51:07.762Z", "user": 1, "content_type": 27, "object_id": "2", "object_repr": "BAJA", "action_flag": 1, "change_message": "[{\"added\": {}}]"}}, {"model": "admin.logentry", "pk": 13, "fields": {"action_time": "2021-09-29T01:51:14.296Z", "user": 1, "content_type": 27, "object_id": "3", "object_repr": "MEDIO BAJA", "action_flag": 1, "change_message": "[{\"added\": {}}]"}}, {"model": "admin.logentry", "pk": 14, "fields": {"action_time": "2021-09-29T01:51:29.149Z", "user": 1, "content_type": 27, "object_id": "4", "object_repr": "MEDIA", "action_flag": 1, "change_message": "[{\"added\": {}}]"}}, {"model": "admin.logentry", "pk": 15, "fields": {"action_time": "2021-09-29T01:51:36.115Z", "user": 1, "content_type": 27, "object_id": "5", "object_repr": "MEDIO ALTA", "action_flag": 1, "change_message": "[{\"added\": {}}]"}}, {"model": "admin.logentry", "pk": 16, "fields": {"action_time": "2021-09-29T01:51:41.878Z", "user": 1, "content_type": 27, "object_id": "6", "object_repr": "ALTA", "action_flag": 1, "change_message": "[{\"added\": {}}]"}}, {"model": "admin.logentry", "pk": 17, "fields": {"action_time": "2021-09-29T01:51:51.872Z", "user": 1, "content_type": 27, "object_id": "7", "object_repr": "MUY ALTA", "action_flag": 1, "change_message": "[{\"added\": {}}]"}}, {"model": "admin.logentry", "pk": 18, "fields": {"action_time": "2021-09-29T01:56:00.422Z", "user": 1, "content_type": 28, "object_id": "1", "object_repr": "Nivel uno", "action_flag": 1, "change_message": "[{\"added\": {}}]"}}, {"model": "admin.logentry", "pk": 19, "fields": {"action_time": "2021-09-29T01:57:16.871Z", "user": 1, "content_type": 28, "object_id": "2", "object_repr": "Nivel dos", "action_flag": 1, "change_message": "[{\"added\": {}}]"}}, {"model": "admin.logentry", "pk": 20, "fields": {"action_time": "2021-09-29T01:58:07.172Z", "user": 1, "content_type": 28, "object_id": "3", "object_repr": "Nivel tres", "action_flag": 1, "change_message": "[{\"added\": {}}]"}}, {"model": "admin.logentry", "pk": 21, "fields": {"action_time": "2021-09-29T01:58:52.841Z", "user": 1, "content_type": 28, "object_id": "4", "object_repr": "Nivel cuatro", "action_flag": 1, "change_message": "[{\"added\": {}}]"}}, {"model": "admin.logentry", "pk": 22, "fields": {"action_time": "2021-09-29T01:59:48.311Z", "user": 1, "content_type": 28, "object_id": "5", "object_repr": "Nivel -A1", "action_flag": 1, "change_message": "[{\"added\": {}}]"}}, {"model": "admin.logentry", "pk": 23, "fields": {"action_time": "2021-09-29T02:00:28.718Z", "user": 1, "content_type": 28, "object_id": "6", "object_repr": "Nivel A1", "action_flag": 1, "change_message": "[{\"added\": {}}]"}}, {"model": "admin.logentry", "pk": 24, "fields": {"action_time": "2021-09-29T02:01:24.511Z", "user": 1, "content_type": 28, "object_id": "7", "object_repr": "Nivel A2", "action_flag": 1, "change_message": "[{\"added\": {}}]"}}, {"model": "admin.logentry", "pk": 25, "fields": {"action_time": "2021-09-29T02:02:00.012Z", "user": 1, "content_type": 28, "object_id": "8", "object_repr": "Nivel B1", "action_flag": 1, "change_message": "[{\"added\": {}}]"}}, {"model": "admin.logentry", "pk": 26, "fields": {"action_time": "2021-09-29T02:02:36.136Z", "user": 1, "content_type": 28, "object_id": "9", "object_repr": "Nivel B2", "action_flag": 1, "change_message": "[{\"added\": {}}]"}}, {"model": "admin.logentry", "pk": 27, "fields": {"action_time": "2021-09-29T02:03:23.317Z", "user": 1, "content_type": 26, "object_id": "3", "object_repr": "Lectura crítica", "action_flag": 2, "change_message": "[{\"changed\": {\"fields\": [\"Nombre del m\\u00f3dulo\"]}}]"}}, {"model": "admin.logentry", "pk": 28, "fields": {"action_time": "2021-09-29T02:05:30.095Z", "user": 1, "content_type": 28, "object_id": "10", "object_repr": "Nivel 1 - lectura crítica", "action_flag": 1, "change_message": "[{\"added\": {}}]"}}, {"model": "admin.logentry", "pk": 29, "fields": {"action_time": "2021-09-29T02:06:25.455Z", "user": 1, "content_type": 28, "object_id": "11", "object_repr": "Nivel 2 - lectura crítica", "action_flag": 1, "change_message": "[{\"added\": {}}]"}}, {"model": "admin.logentry", "pk": 30, "fields": {"action_time": "2021-09-29T02:06:57.995Z", "user": 1, "content_type": 28, "object_id": "12", "object_repr": "Nivel 3 - lectura crítica", "action_flag": 1, "change_message": "[{\"added\": {}}]"}}, {"model": "admin.logentry", "pk": 31, "fields": {"action_time": "2021-09-29T02:07:35.925Z", "user": 1, "content_type": 28, "object_id": "13", "object_repr": "Nivel 4 - lectura crítica", "action_flag": 1, "change_message": "[{\"added\": {}}]"}}, {"model": "admin.logentry", "pk": 32, "fields": {"action_time": "2021-09-29T02:08:01.725Z", "user": 1, "content_type": 26, "object_id": "4", "object_repr": "Competencias Ciudadanas", "action_flag": 1, "change_message": "[{\"added\": {}}]"}}, {"model": "admin.logentry", "pk": 33, "fields": {"action_time": "2021-09-29T02:09:18.655Z", "user": 1, "content_type": 28, "object_id": "14", "object_repr": "Nivel 1 - competencias ciudadanas", "action_flag": 1, "change_message": "[{\"added\": {}}]"}}, {"model": "admin.logentry", "pk": 34, "fields": {"action_time": "2021-09-29T02:09:47.251Z", "user": 1, "content_type": 28, "object_id": "15", "object_repr": "Nivel 2 - competencias ciudadanas", "action_flag": 1, "change_message": "[{\"added\": {}}]"}}, {"model": "admin.logentry", "pk": 35, "fields": {"action_time": "2021-09-29T02:10:30.948Z", "user": 1, "content_type": 28, "object_id": "16", "object_repr": "Nivel 3 - competencias ciudadanas", "action_flag": 1, "change_message": "[{\"added\": {}}]"}}, {"model": "admin.logentry", "pk": 36, "fields": {"action_time": "2021-09-29T02:10:57.970Z", "user": 1, "content_type": 28, "object_id": "17", "object_repr": "Nivel 4 - competencias ciudadanas", "action_flag": 1, "change_message": "[{\"added\": {}}]"}}, {"model": "admin.logentry", "pk": 37, "fields": {"action_time": "2021-09-29T02:11:29.642Z", "user": 1, "content_type": 28, "object_id": "1", "object_repr": "Nivel 1 - razonamiento cuantitativo", "action_flag": 2, "change_message": "[{\"changed\": {\"fields\": [\"Nivel de desempe\\u00f1o\"]}}]"}}, {"model": "admin.logentry", "pk": 38, "fields": {"action_time": "2021-09-29T02:11:48.364Z", "user": 1, "content_type": 28, "object_id": "2", "object_repr": "Nivel 2 - razonamiento cuantitativo", "action_flag": 2, "change_message": "[{\"changed\": {\"fields\": [\"Nivel de desempe\\u00f1o\"]}}]"}}, {"model": "admin.logentry", "pk": 39, "fields": {"action_time": "2021-09-29T02:11:57.386Z", "user": 1, "content_type": 28, "object_id": "3", "object_repr": "Nivel 3 - razonamiento cuantitativo", "action_flag": 2, "change_message": "[{\"changed\": {\"fields\": [\"Nivel de desempe\\u00f1o\"]}}]"}}, {"model": "admin.logentry", "pk": 40, "fields": {"action_time": "2021-09-29T02:12:06.814Z", "user": 1, "content_type": 28, "object_id": "4", "object_repr": "Nivel 4 - razonamiento cuantitativo", "action_flag": 2, "change_message": "[{\"changed\": {\"fields\": [\"Nivel de desempe\\u00f1o\"]}}]"}}, {"model": "admin.logentry", "pk": 41, "fields": {"action_time": "2021-09-29T02:23:03.057Z", "user": 1, "content_type": 21, "object_id": "1", "object_repr": "Interpretación y representación de datos cuantitativos en distintos formatos: tablas, gráficos, esquemas, etc.", "action_flag": 1, "change_message": "[{\"added\": {}}]"}}, {"model": "admin.logentry", "pk": 42, "fields": {"action_time": "2021-09-29T02:23:39.498Z", "user": 1, "content_type": 21, "object_id": "2", "object_repr": "Formulación y ejecución de la solución aun problema", "action_flag": 1, "change_message": "[{\"added\": {}}]"}}, {"model": "admin.logentry", "pk": 43, "fields": {"action_time": "2021-09-29T02:24:46.812Z", "user": 1, "content_type": 21, "object_id": "3", "object_repr": "Argumentación, donde se sustente la validez de la solución del problema.", "action_flag": 1, "change_message": "[{\"added\": {}}]"}}, {"model": "admin.logentry", "pk": 44, "fields": {"action_time": "2021-09-29T02:26:32.037Z", "user": 1, "content_type": 21, "object_id": "4", "object_repr": "Pensmaiento social, que se refiere al conocimiento de la Constitución Política de Colombia.", "action_flag": 1, "change_message": "[{\"added\": {}}]"}}, {"model": "admin.logentry", "pk": 45, "fields": {"action_time": "2021-09-29T02:27:41.363Z", "user": 1, "content_type": 21, "object_id": "5", "object_repr": "Argumentación, en la que el estudiante debe analizar la validez de un discrurso frente a una problemática social", "action_flag": 1, "change_message": "[{\"added\": {}}]"}}, {"model": "admin.logentry", "pk": 46, "fields": {"action_time": "2021-09-29T02:28:46.098Z", "user": 1, "content_type": 21, "object_id": "6", "object_repr": "Multiperspectivismo, que es la capacidad del estudiante de observar a una problemátiva desde distintas perspectivas.", "action_flag": 1, "change_message": "[{\"added\": {}}]"}}, {"model": "admin.logentry", "pk": 47, "fields": {"action_time": "2021-09-29T02:31:28.929Z", "user": 1, "content_type": 21, "object_id": "7", "object_repr": "Pensamiento sistémico, en donde el estudiante debe comprender una realidad social entendiendo todas las dimensiones que la conforman y evaluar la posibilidad de una posible aplicabilidad de una posibl", "action_flag": 1, "change_message": "[{\"added\": {}}]"}}, {"model": "admin.logentry", "pk": 48, "fields": {"action_time": "2021-09-29T02:32:51.876Z", "user": 1, "content_type": 21, "object_id": "8", "object_repr": "Identificar y entender los eventos, ideas, afirmaciones y demas elementos que conforman un texto.", "action_flag": 1, "change_message": "[{\"added\": {}}]"}}, {"model": "admin.logentry", "pk": 49, "fields": {"action_time": "2021-09-29T02:33:49.617Z", "user": 1, "content_type": 21, "object_id": "9", "object_repr": "Comprender cómo se enlazan las partes de un texto para darle un sentido global.", "action_flag": 1, "change_message": "[{\"added\": {}}]"}}, {"model": "admin.logentry", "pk": 50, "fields": {"action_time": "2021-09-29T02:34:22.887Z", "user": 1, "content_type": 21, "object_id": "10", "object_repr": "Reflexionar  apartir de un texto y evaluar su contenido.", "action_flag": 1, "change_message": "[{\"added\": {}}]"}}, {"model": "admin.logentry", "pk": 51, "fields": {"action_time": "2021-09-29T02:35:31.764Z", "user": 1, "content_type": 21, "object_id": "3", "object_repr": "Argumentación, donde se sustente la validez de la solución del problema.", "action_flag": 2, "change_message": "[{\"changed\": {\"fields\": [\"Porcentaje de la competencia\"]}}]"}}, {"model": "admin.logentry", "pk": 52, "fields": {"action_time": "2021-09-29T04:04:26.911Z", "user": 1, "content_type": 10, "object_id": "1", "object_repr": "Ciencias Naturales e ingenieria", "action_flag": 1, "change_message": "[{\"added\": {}}]"}}, {"model": "admin.logentry", "pk": 53, "fields": {"action_time": "2021-09-29T04:04:52.844Z", "user": 1, "content_type": 10, "object_id": "2", "object_repr": "Facultad de derecho", "action_flag": 1, "change_message": "[{\"added\": {}}]"}}, {"model": "admin.logentry", "pk": 54, "fields": {"action_time": "2021-09-29T04:05:40.260Z", "user": 1, "content_type": 15, "object_id": "1", "object_repr": "Pregrado", "action_flag": 1, "change_message": "[{\"added\": {}}]"}}, {"model": "admin.logentry", "pk": 55, "fields": {"action_time": "2021-09-29T04:05:47.645Z", "user": 1, "content_type": 15, "object_id": "2", "object_repr": "Postgrado", "action_flag": 1, "change_message": "[{\"added\": {}}]"}}, {"model": "admin.logentry", "pk": 56, "fields": {"action_time": "2021-09-29T04:06:03.064Z", "user": 1, "content_type": 15, "object_id": "3", "object_repr": "Magister", "action_flag": 1, "change_message": "[{\"added\": {}}]"}}, {"model": "admin.logentry", "pk": 57, "fields": {"action_time": "2021-09-29T04:06:12.183Z", "user": 1, "content_type": 15, "object_id": "4", "object_repr": "Doctorado", "action_flag": 1, "change_message": "[{\"added\": {}}]"}}, {"model": "admin.logentry", "pk": 58, "fields": {"action_time": "2021-09-29T04:06:45.085Z", "user": 1, "content_type": 17, "object_id": "1", "object_repr": "Ingeniería de sistemas", "action_flag": 1, "change_message": "[{\"added\": {}}]"}}, {"model": "admin.logentry", "pk": 59, "fields": {"action_time": "2021-09-29T04:07:08.347Z", "user": 1, "content_type": 17, "object_id": "2", "object_repr": "Ingniería electrónica", "action_flag": 1, "change_message": "[{\"added\": {}}]"}}, {"model": "admin.logentry", "pk": 60, "fields": {"action_time": "2021-09-29T04:07:25.066Z", "user": 1, "content_type": 17, "object_id": "3", "object_repr": "Ingeniería ambiental", "action_flag": 1, "change_message": "[{\"added\": {}}]"}}, {"model": "admin.logentry", "pk": 61, "fields": {"action_time": "2021-09-29T04:08:11.188Z", "user": 1, "content_type": 17, "object_id": "4", "object_repr": "Ingeniería agrícola", "action_flag": 1, "change_message": "[{\"added\": {}}]"}}, {"model": "admin.logentry", "pk": 62, "fields": {"action_time": "2021-09-29T04:08:26.952Z", "user": 1, "content_type": 17, "object_id": "5", "object_repr": "Derecho", "action_flag": 1, "change_message": "[{\"added\": {}}]"}}, {"model": "admin.logentry", "pk": 63, "fields": {"action_time": "2021-09-29T04:08:52.816Z", "user": 1, "content_type": 16, "object_id": "1", "object_repr": "1", "action_flag": 1, "change_message": "[{\"added\": {}}]"}}, {"model": "admin.logentry", "pk": 64, "fields": {"action_time": "2021-09-29T04:08:58.637Z", "user": 1, "content_type": 16, "object_id": "2", "object_repr": "2", "action_flag": 1, "change_message": "[{\"added\": {}}]"}}, {"model": "admin.logentry", "pk": 65, "fields": {"action_time": "2021-09-29T04:09:03.143Z", "user": 1, "content_type": 16, "object_id": "3", "object_repr": "3", "action_flag": 1, "change_message": "[{\"added\": {}}]"}}, {"model": "admin.logentry", "pk": 66, "fields": {"action_time": "2021-09-29T04:09:07.155Z", "user": 1, "content_type": 16, "object_id": "4", "object_repr": "4", "action_flag": 1, "change_message": "[{\"added\": {}}]"}}, {"model": "admin.logentry", "pk": 67, "fields": {"action_time": "2021-09-29T04:09:11.755Z", "user": 1, "content_type": 16, "object_id": "5", "object_repr": "5", "action_flag": 1, "change_message": "[{\"added\": {}}]"}}, {"model": "admin.logentry", "pk": 68, "fields": {"action_time": "2021-09-29T04:09:16.376Z", "user": 1, "content_type": 16, "object_id": "6", "object_repr": "6", "action_flag": 1, "change_message": "[{\"added\": {}}]"}}, {"model": "admin.logentry", "pk": 69, "fields": {"action_time": "2021-09-29T04:09:20.653Z", "user": 1, "content_type": 16, "object_id": "7", "object_repr": "7", "action_flag": 1, "change_message": "[{\"added\": {}}]"}}, {"model": "admin.logentry", "pk": 70, "fields": {"action_time": "2021-09-29T04:09:25.867Z", "user": 1, "content_type": 16, "object_id": "8", "object_repr": "8", "action_flag": 1, "change_message": "[{\"added\": {}}]"}}, {"model": "admin.logentry", "pk": 71, "fields": {"action_time": "2021-09-29T04:09:32.124Z", "user": 1, "content_type": 16, "object_id": "9", "object_repr": "9", "action_flag": 1, "change_message": "[{\"added\": {}}]"}}, {"model": "admin.logentry", "pk": 72, "fields": {"action_time": "2021-09-29T04:09:36.251Z", "user": 1, "content_type": 16, "object_id": "10", "object_repr": "10", "action_flag": 1, "change_message": "[{\"added\": {}}]"}}, {"model": "admin.logentry", "pk": 73, "fields": {"action_time": "2021-09-29T04:11:07.211Z", "user": 1, "content_type": 19, "object_id": "1", "object_repr": "Juan Sebastián Ochoa ", "action_flag": 1, "change_message": "[{\"added\": {}}]"}}, {"model": "admin.logentry", "pk": 74, "fields": {"action_time": "2021-09-29T04:11:34.291Z", "user": 1, "content_type": 6, "object_id": "1", "object_repr": "Docente object (1)", "action_flag": 1, "change_message": "[{\"added\": {}}]"}}, {"model": "admin.logentry", "pk": 75, "fields": {"action_time": "2021-09-29T04:12:35.739Z", "user": 1, "content_type": 8, "object_id": "1", "object_repr": "Estudiante object (1)", "action_flag": 1, "change_message": "[{\"added\": {}}]"}}, {"model": "auth.permission", "pk": 1, "fields": {"name": "Can add log entry", "content_type": 1, "codename": "add_logentry"}}, {"model": "auth.permission", "pk": 2, "fields": {"name": "Can change log entry", "content_type": 1, "codename": "change_logentry"}}, {"model": "auth.permission", "pk": 3, "fields": {"name": "Can delete log entry", "content_type": 1, "codename": "delete_logentry"}}, {"model": "auth.permission", "pk": 4, "fields": {"name": "Can view log entry", "content_type": 1, "codename": "view_logentry"}}, {"model": "auth.permission", "pk": 5, "fields": {"name": "Can add permission", "content_type": 2, "codename": "add_permission"}}, {"model": "auth.permission", "pk": 6, "fields": {"name": "Can change permission", "content_type": 2, "codename": "change_permission"}}, {"model": "auth.permission", "pk": 7, "fields": {"name": "Can delete permission", "content_type": 2, "codename": "delete_permission"}}, {"model": "auth.permission", "pk": 8, "fields": {"name": "Can view permission", "content_type": 2, "codename": "view_permission"}}, {"model": "auth.permission", "pk": 9, "fields": {"name": "Can add group", "content_type": 3, "codename": "add_group"}}, {"model": "auth.permission", "pk": 10, "fields": {"name": "Can change group", "content_type": 3, "codename": "change_group"}}, {"model": "auth.permission", "pk": 11, "fields": {"name": "Can delete group", "content_type": 3, "codename": "delete_group"}}, {"model": "auth.permission", "pk": 12, "fields": {"name": "Can view group", "content_type": 3, "codename": "view_group"}}, {"model": "auth.permission", "pk": 13, "fields": {"name": "Can add content type", "content_type": 4, "codename": "add_contenttype"}}, {"model": "auth.permission", "pk": 14, "fields": {"name": "Can change content type", "content_type": 4, "codename": "change_contenttype"}}, {"model": "auth.permission", "pk": 15, "fields": {"name": "Can delete content type", "content_type": 4, "codename": "delete_contenttype"}}, {"model": "auth.permission", "pk": 16, "fields": {"name": "Can view content type", "content_type": 4, "codename": "view_contenttype"}}, {"model": "auth.permission", "pk": 17, "fields": {"name": "Can add session", "content_type": 5, "codename": "add_session"}}, {"model": "auth.permission", "pk": 18, "fields": {"name": "Can change session", "content_type": 5, "codename": "change_session"}}, {"model": "auth.permission", "pk": 19, "fields": {"name": "Can delete session", "content_type": 5, "codename": "delete_session"}}, {"model": "auth.permission", "pk": 20, "fields": {"name": "Can view session", "content_type": 5, "codename": "view_session"}}, {"model": "auth.permission", "pk": 21, "fields": {"name": "Can add Docente", "content_type": 6, "codename": "add_docente"}}, {"model": "auth.permission", "pk": 22, "fields": {"name": "Can change Docente", "content_type": 6, "codename": "change_docente"}}, {"model": "auth.permission", "pk": 23, "fields": {"name": "Can delete Docente", "content_type": 6, "codename": "delete_docente"}}, {"model": "auth.permission", "pk": 24, "fields": {"name": "Can view Docente", "content_type": 6, "codename": "view_docente"}}, {"model": "auth.permission", "pk": 25, "fields": {"name": "Can add historical Docente", "content_type": 7, "codename": "add_historicaldocente"}}, {"model": "auth.permission", "pk": 26, "fields": {"name": "Can change historical Docente", "content_type": 7, "codename": "change_historicaldocente"}}, {"model": "auth.permission", "pk": 27, "fields": {"name": "Can delete historical Docente", "content_type": 7, "codename": "delete_historicaldocente"}}, {"model": "auth.permission", "pk": 28, "fields": {"name": "Can view historical Docente", "content_type": 7, "codename": "view_historicaldocente"}}, {"model": "auth.permission", "pk": 29, "fields": {"name": "Can add Estudiante", "content_type": 8, "codename": "add_estudiante"}}, {"model": "auth.permission", "pk": 30, "fields": {"name": "Can change Estudiante", "content_type": 8, "codename": "change_estudiante"}}, {"model": "auth.permission", "pk": 31, "fields": {"name": "Can delete Estudiante", "content_type": 8, "codename": "delete_estudiante"}}, {"model": "auth.permission", "pk": 32, "fields": {"name": "Can view Estudiante", "content_type": 8, "codename": "view_estudiante"}}, {"model": "auth.permission", "pk": 33, "fields": {"name": "Can add historical Estudiante", "content_type": 9, "codename": "add_historicalestudiante"}}, {"model": "auth.permission", "pk": 34, "fields": {"name": "Can change historical Estudiante", "content_type": 9, "codename": "change_historicalestudiante"}}, {"model": "auth.permission", "pk": 35, "fields": {"name": "Can delete historical Estudiante", "content_type": 9, "codename": "delete_historicalestudiante"}}, {"model": "auth.permission", "pk": 36, "fields": {"name": "Can view historical Estudiante", "content_type": 9, "codename": "view_historicalestudiante"}}, {"model": "auth.permission", "pk": 37, "fields": {"name": "Can add Facultad", "content_type": 10, "codename": "add_facultad"}}, {"model": "auth.permission", "pk": 38, "fields": {"name": "Can change Facultad", "content_type": 10, "codename": "change_facultad"}}, {"model": "auth.permission", "pk": 39, "fields": {"name": "Can delete Facultad", "content_type": 10, "codename": "delete_facultad"}}, {"model": "auth.permission", "pk": 40, "fields": {"name": "Can view Facultad", "content_type": 10, "codename": "view_facultad"}}, {"model": "auth.permission", "pk": 41, "fields": {"name": "Can add historical Facultad", "content_type": 11, "codename": "add_historicalfacultad"}}, {"model": "auth.permission", "pk": 42, "fields": {"name": "Can change historical Facultad", "content_type": 11, "codename": "change_historicalfacultad"}}, {"model": "auth.permission", "pk": 43, "fields": {"name": "Can delete historical Facultad", "content_type": 11, "codename": "delete_historicalfacultad"}}, {"model": "auth.permission", "pk": 44, "fields": {"name": "Can view historical Facultad", "content_type": 11, "codename": "view_historicalfacultad"}}, {"model": "auth.permission", "pk": 45, "fields": {"name": "Can add historical Nivel academico", "content_type": 12, "codename": "add_historicalnivelacademico"}}, {"model": "auth.permission", "pk": 46, "fields": {"name": "Can change historical Nivel academico", "content_type": 12, "codename": "change_historicalnivelacademico"}}, {"model": "auth.permission", "pk": 47, "fields": {"name": "Can delete historical Nivel academico", "content_type": 12, "codename": "delete_historicalnivelacademico"}}, {"model": "auth.permission", "pk": 48, "fields": {"name": "Can view historical Nivel academico", "content_type": 12, "codename": "view_historicalnivelacademico"}}, {"model": "auth.permission", "pk": 49, "fields": {"name": "Can add historical Programa", "content_type": 13, "codename": "add_historicalprograma"}}, {"model": "auth.permission", "pk": 50, "fields": {"name": "Can change historical Programa", "content_type": 13, "codename": "change_historicalprograma"}}, {"model": "auth.permission", "pk": 51, "fields": {"name": "Can delete historical Programa", "content_type": 13, "codename": "delete_historicalprograma"}}, {"model": "auth.permission", "pk": 52, "fields": {"name": "Can view historical Programa", "content_type": 13, "codename": "view_historicalprograma"}}, {"model": "auth.permission", "pk": 53, "fields": {"name": "Can add historical Semestre", "content_type": 14, "codename": "add_historicalsemestre"}}, {"model": "auth.permission", "pk": 54, "fields": {"name": "Can change historical Semestre", "content_type": 14, "codename": "change_historicalsemestre"}}, {"model": "auth.permission", "pk": 55, "fields": {"name": "Can delete historical Semestre", "content_type": 14, "codename": "delete_historicalsemestre"}}, {"model": "auth.permission", "pk": 56, "fields": {"name": "Can view historical Semestre", "content_type": 14, "codename": "view_historicalsemestre"}}, {"model": "auth.permission", "pk": 57, "fields": {"name": "Can add Nivel academico", "content_type": 15, "codename": "add_nivelacademico"}}, {"model": "auth.permission", "pk": 58, "fields": {"name": "Can change Nivel academico", "content_type": 15, "codename": "change_nivelacademico"}}, {"model": "auth.permission", "pk": 59, "fields": {"name": "Can delete Nivel academico", "content_type": 15, "codename": "delete_nivelacademico"}}, {"model": "auth.permission", "pk": 60, "fields": {"name": "Can view Nivel academico", "content_type": 15, "codename": "view_nivelacademico"}}, {"model": "auth.permission", "pk": 61, "fields": {"name": "Can add Semestre", "content_type": 16, "codename": "add_semestre"}}, {"model": "auth.permission", "pk": 62, "fields": {"name": "Can change Semestre", "content_type": 16, "codename": "change_semestre"}}, {"model": "auth.permission", "pk": 63, "fields": {"name": "Can delete Semestre", "content_type": 16, "codename": "delete_semestre"}}, {"model": "auth.permission", "pk": 64, "fields": {"name": "Can view Semestre", "content_type": 16, "codename": "view_semestre"}}, {"model": "auth.permission", "pk": 65, "fields": {"name": "Can add Programa", "content_type": 17, "codename": "add_programa"}}, {"model": "auth.permission", "pk": 66, "fields": {"name": "Can change Programa", "content_type": 17, "codename": "change_programa"}}, {"model": "auth.permission", "pk": 67, "fields": {"name": "Can delete Programa", "content_type": 17, "codename": "delete_programa"}}, {"model": "auth.permission", "pk": 68, "fields": {"name": "Can view Programa", "content_type": 17, "codename": "view_programa"}}, {"model": "auth.permission", "pk": 69, "fields": {"name": "Can add historical Persona", "content_type": 18, "codename": "add_historicalpersona"}}, {"model": "auth.permission", "pk": 70, "fields": {"name": "Can change historical Persona", "content_type": 18, "codename": "change_historicalpersona"}}, {"model": "auth.permission", "pk": 71, "fields": {"name": "Can delete historical Persona", "content_type": 18, "codename": "delete_historicalpersona"}}, {"model": "auth.permission", "pk": 72, "fields": {"name": "Can view historical Persona", "content_type": 18, "codename": "view_historicalpersona"}}, {"model": "auth.permission", "pk": 73, "fields": {"name": "Can add Persona", "content_type": 19, "codename": "add_persona"}}, {"model": "auth.permission", "pk": 74, "fields": {"name": "Can change Persona", "content_type": 19, "codename": "change_persona"}}, {"model": "auth.permission", "pk": 75, "fields": {"name": "Can delete Persona", "content_type": 19, "codename": "delete_persona"}}, {"model": "auth.permission", "pk": 76, "fields": {"name": "Can view Persona", "content_type": 19, "codename": "view_persona"}}, {"model": "auth.permission", "pk": 77, "fields": {"name": "Can add Banco de preguntas", "content_type": 20, "codename": "add_bancopreguntas"}}, {"model": "auth.permission", "pk": 78, "fields": {"name": "Can change Banco de preguntas", "content_type": 20, "codename": "change_bancopreguntas"}}, {"model": "auth.permission", "pk": 79, "fields": {"name": "Can delete Banco de preguntas", "content_type": 20, "codename": "delete_bancopreguntas"}}, {"model": "auth.permission", "pk": 80, "fields": {"name": "Can view Banco de preguntas", "content_type": 20, "codename": "view_bancopreguntas"}}, {"model": "auth.permission", "pk": 81, "fields": {"name": "Can add Competencia", "content_type": 21, "codename": "add_competencia"}}, {"model": "auth.permission", "pk": 82, "fields": {"name": "Can change Competencia", "content_type": 21, "codename": "change_competencia"}}, {"model": "auth.permission", "pk": 83, "fields": {"name": "Can delete Competencia", "content_type": 21, "codename": "delete_competencia"}}, {"model": "auth.permission", "pk": 84, "fields": {"name": "Can view Competencia", "content_type": 21, "codename": "view_competencia"}}, {"model": "auth.permission", "pk": 85, "fields": {"name": "Can add Enunciado grupo pregunta", "content_type": 22, "codename": "add_enunciadogrupopregunta"}}, {"model": "auth.permission", "pk": 86, "fields": {"name": "Can change Enunciado grupo pregunta", "content_type": 22, "codename": "change_enunciadogrupopregunta"}}, {"model": "auth.permission", "pk": 87, "fields": {"name": "Can delete Enunciado grupo pregunta", "content_type": 22, "codename": "delete_enunciadogrupopregunta"}}, {"model": "auth.permission", "pk": 88, "fields": {"name": "Can view Enunciado grupo pregunta", "content_type": 22, "codename": "view_enunciadogrupopregunta"}}, {"model": "auth.permission", "pk": 89, "fields": {"name": "Can add Enunciado pregunta", "content_type": 23, "codename": "add_enunciadopregunta"}}, {"model": "auth.permission", "pk": 90, "fields": {"name": "Can change Enunciado pregunta", "content_type": 23, "codename": "change_enunciadopregunta"}}, {"model": "auth.permission", "pk": 91, "fields": {"name": "Can delete Enunciado pregunta", "content_type": 23, "codename": "delete_enunciadopregunta"}}, {"model": "auth.permission", "pk": 92, "fields": {"name": "Can view Enunciado pregunta", "content_type": 23, "codename": "view_enunciadopregunta"}}, {"model": "auth.permission", "pk": 93, "fields": {"name": "Can add Grupo de preguntas", "content_type": 24, "codename": "add_grupopregunta"}}, {"model": "auth.permission", "pk": 94, "fields": {"name": "Can change Grupo de preguntas", "content_type": 24, "codename": "change_grupopregunta"}}, {"model": "auth.permission", "pk": 95, "fields": {"name": "Can delete Grupo de preguntas", "content_type": 24, "codename": "delete_grupopregunta"}}, {"model": "auth.permission", "pk": 96, "fields": {"name": "Can view Grupo de preguntas", "content_type": 24, "codename": "view_grupopregunta"}}, {"model": "auth.permission", "pk": 97, "fields": {"name": "Can add Justificacion", "content_type": 25, "codename": "add_justificacion"}}, {"model": "auth.permission", "pk": 98, "fields": {"name": "Can change Justificacion", "content_type": 25, "codename": "change_justificacion"}}, {"model": "auth.permission", "pk": 99, "fields": {"name": "Can delete Justificacion", "content_type": 25, "codename": "delete_justificacion"}}, {"model": "auth.permission", "pk": 100, "fields": {"name": "Can view Justificacion", "content_type": 25, "codename": "view_justificacion"}}, {"model": "auth.permission", "pk": 101, "fields": {"name": "Can add Modulo", "content_type": 26, "codename": "add_modulo"}}, {"model": "auth.permission", "pk": 102, "fields": {"name": "Can change Modulo", "content_type": 26, "codename": "change_modulo"}}, {"model": "auth.permission", "pk": 103, "fields": {"name": "Can delete Modulo", "content_type": 26, "codename": "delete_modulo"}}, {"model": "auth.permission", "pk": 104, "fields": {"name": "Can view Modulo", "content_type": 26, "codename": "view_modulo"}}, {"model": "auth.permission", "pk": 105, "fields": {"name": "Can add Nivel de dificultad", "content_type": 27, "codename": "add_niveldificultad"}}, {"model": "auth.permission", "pk": 106, "fields": {"name": "Can change Nivel de dificultad", "content_type": 27, "codename": "change_niveldificultad"}}, {"model": "auth.permission", "pk": 107, "fields": {"name": "Can delete Nivel de dificultad", "content_type": 27, "codename": "delete_niveldificultad"}}, {"model": "auth.permission", "pk": 108, "fields": {"name": "Can view Nivel de dificultad", "content_type": 27, "codename": "view_niveldificultad"}}, {"model": "auth.permission", "pk": 109, "fields": {"name": "Can add Nivel de desempeño", "content_type": 28, "codename": "add_nivelejecucion"}}, {"model": "auth.permission", "pk": 110, "fields": {"name": "Can change Nivel de desempeño", "content_type": 28, "codename": "change_nivelejecucion"}}, {"model": "auth.permission", "pk": 111, "fields": {"name": "Can delete Nivel de desempeño", "content_type": 28, "codename": "delete_nivelejecucion"}}, {"model": "auth.permission", "pk": 112, "fields": {"name": "Can view Nivel de desempeño", "content_type": 28, "codename": "view_nivelejecucion"}}, {"model": "auth.permission", "pk": 113, "fields": {"name": "Can add Opcion letra", "content_type": 29, "codename": "add_opcionesletras"}}, {"model": "auth.permission", "pk": 114, "fields": {"name": "Can change Opcion letra", "content_type": 29, "codename": "change_opcionesletras"}}, {"model": "auth.permission", "pk": 115, "fields": {"name": "Can delete Opcion letra", "content_type": 29, "codename": "delete_opcionesletras"}}, {"model": "auth.permission", "pk": 116, "fields": {"name": "Can view Opcion letra", "content_type": 29, "codename": "view_opcionesletras"}}, {"model": "auth.permission", "pk": 117, "fields": {"name": "Can add Prueba", "content_type": 30, "codename": "add_prueba"}}, {"model": "auth.permission", "pk": 118, "fields": {"name": "Can change Prueba", "content_type": 30, "codename": "change_prueba"}}, {"model": "auth.permission", "pk": 119, "fields": {"name": "Can delete Prueba", "content_type": 30, "codename": "delete_prueba"}}, {"model": "auth.permission", "pk": 120, "fields": {"name": "Can view Prueba", "content_type": 30, "codename": "view_prueba"}}, {"model": "auth.permission", "pk": 121, "fields": {"name": "Can add Prueba Asiganda", "content_type": 31, "codename": "add_pruebasestudiante"}}, {"model": "auth.permission", "pk": 122, "fields": {"name": "Can change Prueba Asiganda", "content_type": 31, "codename": "change_pruebasestudiante"}}, {"model": "auth.permission", "pk": 123, "fields": {"name": "Can delete Prueba Asiganda", "content_type": 31, "codename": "delete_pruebasestudiante"}}, {"model": "auth.permission", "pk": 124, "fields": {"name": "Can view Prueba Asiganda", "content_type": 31, "codename": "view_pruebasestudiante"}}, {"model": "auth.permission", "pk": 125, "fields": {"name": "Can add Pregunta", "content_type": 32, "codename": "add_pregunta"}}, {"model": "auth.permission", "pk": 126, "fields": {"name": "Can change Pregunta", "content_type": 32, "codename": "change_pregunta"}}, {"model": "auth.permission", "pk": 127, "fields": {"name": "Can delete Pregunta", "content_type": 32, "codename": "delete_pregunta"}}, {"model": "auth.permission", "pk": 128, "fields": {"name": "Can view Pregunta", "content_type": 32, "codename": "view_pregunta"}}, {"model": "auth.permission", "pk": 129, "fields": {"name": "Can add Opcion Enunciado", "content_type": 33, "codename": "add_opcionpregunta"}}, {"model": "auth.permission", "pk": 130, "fields": {"name": "Can change Opcion Enunciado", "content_type": 33, "codename": "change_opcionpregunta"}}, {"model": "auth.permission", "pk": 131, "fields": {"name": "Can delete Opcion Enunciado", "content_type": 33, "codename": "delete_opcionpregunta"}}, {"model": "auth.permission", "pk": 132, "fields": {"name": "Can view Opcion Enunciado", "content_type": 33, "codename": "view_opcionpregunta"}}, {"model": "auth.permission", "pk": 133, "fields": {"name": "Can add Imagen para pregunta", "content_type": 34, "codename": "add_imagenenunciadopregunta"}}, {"model": "auth.permission", "pk": 134, "fields": {"name": "Can change Imagen para pregunta", "content_type": 34, "codename": "change_imagenenunciadopregunta"}}, {"model": "auth.permission", "pk": 135, "fields": {"name": "Can delete Imagen para pregunta", "content_type": 34, "codename": "delete_imagenenunciadopregunta"}}, {"model": "auth.permission", "pk": 136, "fields": {"name": "Can view Imagen para pregunta", "content_type": 34, "codename": "view_imagenenunciadopregunta"}}, {"model": "auth.permission", "pk": 137, "fields": {"name": "Can add Imagen para grupo de preguntas", "content_type": 35, "codename": "add_imagenenunciadogrupopregunta"}}, {"model": "auth.permission", "pk": 138, "fields": {"name": "Can change Imagen para grupo de preguntas", "content_type": 35, "codename": "change_imagenenunciadogrupopregunta"}}, {"model": "auth.permission", "pk": 139, "fields": {"name": "Can delete Imagen para grupo de preguntas", "content_type": 35, "codename": "delete_imagenenunciadogrupopregunta"}}, {"model": "auth.permission", "pk": 140, "fields": {"name": "Can view Imagen para grupo de preguntas", "content_type": 35, "codename": "view_imagenenunciadogrupopregunta"}}, {"model": "auth.permission", "pk": 141, "fields": {"name": "Can add Hoja de respuesta", "content_type": 36, "codename": "add_hojarespuesta"}}, {"model": "auth.permission", "pk": 142, "fields": {"name": "Can change Hoja de respuesta", "content_type": 36, "codename": "change_hojarespuesta"}}, {"model": "auth.permission", "pk": 143, "fields": {"name": "Can delete Hoja de respuesta", "content_type": 36, "codename": "delete_hojarespuesta"}}, {"model": "auth.permission", "pk": 144, "fields": {"name": "Can view Hoja de respuesta", "content_type": 36, "codename": "view_hojarespuesta"}}, {"model": "auth.permission", "pk": 145, "fields": {"name": "Can add historical Prueba Asiganda", "content_type": 37, "codename": "add_historicalpruebasestudiante"}}, {"model": "auth.permission", "pk": 146, "fields": {"name": "Can change historical Prueba Asiganda", "content_type": 37, "codename": "change_historicalpruebasestudiante"}}, {"model": "auth.permission", "pk": 147, "fields": {"name": "Can delete historical Prueba Asiganda", "content_type": 37, "codename": "delete_historicalpruebasestudiante"}}, {"model": "auth.permission", "pk": 148, "fields": {"name": "Can view historical Prueba Asiganda", "content_type": 37, "codename": "view_historicalpruebasestudiante"}}, {"model": "auth.permission", "pk": 149, "fields": {"name": "Can add historical Prueba", "content_type": 38, "codename": "add_historicalprueba"}}, {"model": "auth.permission", "pk": 150, "fields": {"name": "Can change historical Prueba", "content_type": 38, "codename": "change_historicalprueba"}}, {"model": "auth.permission", "pk": 151, "fields": {"name": "Can delete historical Prueba", "content_type": 38, "codename": "delete_historicalprueba"}}, {"model": "auth.permission", "pk": 152, "fields": {"name": "Can view historical Prueba", "content_type": 38, "codename": "view_historicalprueba"}}, {"model": "auth.permission", "pk": 153, "fields": {"name": "Can add historical Pregunta", "content_type": 39, "codename": "add_historicalpregunta"}}, {"model": "auth.permission", "pk": 154, "fields": {"name": "Can change historical Pregunta", "content_type": 39, "codename": "change_historicalpregunta"}}, {"model": "auth.permission", "pk": 155, "fields": {"name": "Can delete historical Pregunta", "content_type": 39, "codename": "delete_historicalpregunta"}}, {"model": "auth.permission", "pk": 156, "fields": {"name": "Can view historical Pregunta", "content_type": 39, "codename": "view_historicalpregunta"}}, {"model": "auth.permission", "pk": 157, "fields": {"name": "Can add historical Opcion Enunciado", "content_type": 40, "codename": "add_historicalopcionpregunta"}}, {"model": "auth.permission", "pk": 158, "fields": {"name": "Can change historical Opcion Enunciado", "content_type": 40, "codename": "change_historicalopcionpregunta"}}, {"model": "auth.permission", "pk": 159, "fields": {"name": "Can delete historical Opcion Enunciado", "content_type": 40, "codename": "delete_historicalopcionpregunta"}}, {"model": "auth.permission", "pk": 160, "fields": {"name": "Can view historical Opcion Enunciado", "content_type": 40, "codename": "view_historicalopcionpregunta"}}, {"model": "auth.permission", "pk": 161, "fields": {"name": "Can add historical Nivel de desempeño", "content_type": 41, "codename": "add_historicalnivelejecucion"}}, {"model": "auth.permission", "pk": 162, "fields": {"name": "Can change historical Nivel de desempeño", "content_type": 41, "codename": "change_historicalnivelejecucion"}}, {"model": "auth.permission", "pk": 163, "fields": {"name": "Can delete historical Nivel de desempeño", "content_type": 41, "codename": "delete_historicalnivelejecucion"}}, {"model": "auth.permission", "pk": 164, "fields": {"name": "Can view historical Nivel de desempeño", "content_type": 41, "codename": "view_historicalnivelejecucion"}}, {"model": "auth.permission", "pk": 165, "fields": {"name": "Can add historical Nivel de dificultad", "content_type": 42, "codename": "add_historicalniveldificultad"}}, {"model": "auth.permission", "pk": 166, "fields": {"name": "Can change historical Nivel de dificultad", "content_type": 42, "codename": "change_historicalniveldificultad"}}, {"model": "auth.permission", "pk": 167, "fields": {"name": "Can delete historical Nivel de dificultad", "content_type": 42, "codename": "delete_historicalniveldificultad"}}, {"model": "auth.permission", "pk": 168, "fields": {"name": "Can view historical Nivel de dificultad", "content_type": 42, "codename": "view_historicalniveldificultad"}}, {"model": "auth.permission", "pk": 169, "fields": {"name": "Can add historical Modulo", "content_type": 43, "codename": "add_historicalmodulo"}}, {"model": "auth.permission", "pk": 170, "fields": {"name": "Can change historical Modulo", "content_type": 43, "codename": "change_historicalmodulo"}}, {"model": "auth.permission", "pk": 171, "fields": {"name": "Can delete historical Modulo", "content_type": 43, "codename": "delete_historicalmodulo"}}, {"model": "auth.permission", "pk": 172, "fields": {"name": "Can view historical Modulo", "content_type": 43, "codename": "view_historicalmodulo"}}, {"model": "auth.permission", "pk": 173, "fields": {"name": "Can add historical Justificacion", "content_type": 44, "codename": "add_historicaljustificacion"}}, {"model": "auth.permission", "pk": 174, "fields": {"name": "Can change historical Justificacion", "content_type": 44, "codename": "change_historicaljustificacion"}}, {"model": "auth.permission", "pk": 175, "fields": {"name": "Can delete historical Justificacion", "content_type": 44, "codename": "delete_historicaljustificacion"}}, {"model": "auth.permission", "pk": 176, "fields": {"name": "Can view historical Justificacion", "content_type": 44, "codename": "view_historicaljustificacion"}}, {"model": "auth.permission", "pk": 177, "fields": {"name": "Can add historical Imagen para pregunta", "content_type": 45, "codename": "add_historicalimagenenunciadopregunta"}}, {"model": "auth.permission", "pk": 178, "fields": {"name": "Can change historical Imagen para pregunta", "content_type": 45, "codename": "change_historicalimagenenunciadopregunta"}}, {"model": "auth.permission", "pk": 179, "fields": {"name": "Can delete historical Imagen para pregunta", "content_type": 45, "codename": "delete_historicalimagenenunciadopregunta"}}, {"model": "auth.permission", "pk": 180, "fields": {"name": "Can view historical Imagen para pregunta", "content_type": 45, "codename": "view_historicalimagenenunciadopregunta"}}, {"model": "auth.permission", "pk": 181, "fields": {"name": "Can add historical Imagen para grupo de preguntas", "content_type": 46, "codename": "add_historicalimagenenunciadogrupopregunta"}}, {"model": "auth.permission", "pk": 182, "fields": {"name": "Can change historical Imagen para grupo de preguntas", "content_type": 46, "codename": "change_historicalimagenenunciadogrupopregunta"}}, {"model": "auth.permission", "pk": 183, "fields": {"name": "Can delete historical Imagen para grupo de preguntas", "content_type": 46, "codename": "delete_historicalimagenenunciadogrupopregunta"}}, {"model": "auth.permission", "pk": 184, "fields": {"name": "Can view historical Imagen para grupo de preguntas", "content_type": 46, "codename": "view_historicalimagenenunciadogrupopregunta"}}, {"model": "auth.permission", "pk": 185, "fields": {"name": "Can add historical Hoja de respuesta", "content_type": 47, "codename": "add_historicalhojarespuesta"}}, {"model": "auth.permission", "pk": 186, "fields": {"name": "Can change historical Hoja de respuesta", "content_type": 47, "codename": "change_historicalhojarespuesta"}}, {"model": "auth.permission", "pk": 187, "fields": {"name": "Can delete historical Hoja de respuesta", "content_type": 47, "codename": "delete_historicalhojarespuesta"}}, {"model": "auth.permission", "pk": 188, "fields": {"name": "Can view historical Hoja de respuesta", "content_type": 47, "codename": "view_historicalhojarespuesta"}}, {"model": "auth.permission", "pk": 189, "fields": {"name": "Can add historical Grupo de preguntas", "content_type": 48, "codename": "add_historicalgrupopregunta"}}, {"model": "auth.permission", "pk": 190, "fields": {"name": "Can change historical Grupo de preguntas", "content_type": 48, "codename": "change_historicalgrupopregunta"}}, {"model": "auth.permission", "pk": 191, "fields": {"name": "Can delete historical Grupo de preguntas", "content_type": 48, "codename": "delete_historicalgrupopregunta"}}, {"model": "auth.permission", "pk": 192, "fields": {"name": "Can view historical Grupo de preguntas", "content_type": 48, "codename": "view_historicalgrupopregunta"}}, {"model": "auth.permission", "pk": 193, "fields": {"name": "Can add historical Enunciado pregunta", "content_type": 49, "codename": "add_historicalenunciadopregunta"}}, {"model": "auth.permission", "pk": 194, "fields": {"name": "Can change historical Enunciado pregunta", "content_type": 49, "codename": "change_historicalenunciadopregunta"}}, {"model": "auth.permission", "pk": 195, "fields": {"name": "Can delete historical Enunciado pregunta", "content_type": 49, "codename": "delete_historicalenunciadopregunta"}}, {"model": "auth.permission", "pk": 196, "fields": {"name": "Can view historical Enunciado pregunta", "content_type": 49, "codename": "view_historicalenunciadopregunta"}}, {"model": "auth.permission", "pk": 197, "fields": {"name": "Can add historical Enunciado grupo pregunta", "content_type": 50, "codename": "add_historicalenunciadogrupopregunta"}}, {"model": "auth.permission", "pk": 198, "fields": {"name": "Can change historical Enunciado grupo pregunta", "content_type": 50, "codename": "change_historicalenunciadogrupopregunta"}}, {"model": "auth.permission", "pk": 199, "fields": {"name": "Can delete historical Enunciado grupo pregunta", "content_type": 50, "codename": "delete_historicalenunciadogrupopregunta"}}, {"model": "auth.permission", "pk": 200, "fields": {"name": "Can view historical Enunciado grupo pregunta", "content_type": 50, "codename": "view_historicalenunciadogrupopregunta"}}, {"model": "auth.permission", "pk": 201, "fields": {"name": "Can add historical Descripcion especifica nivel de desempeño", "content_type": 51, "codename": "add_historicaldescripcionnivelejecucion"}}, {"model": "auth.permission", "pk": 202, "fields": {"name": "Can change historical Descripcion especifica nivel de desempeño", "content_type": 51, "codename": "change_historicaldescripcionnivelejecucion"}}, {"model": "auth.permission", "pk": 203, "fields": {"name": "Can delete historical Descripcion especifica nivel de desempeño", "content_type": 51, "codename": "delete_historicaldescripcionnivelejecucion"}}, {"model": "auth.permission", "pk": 204, "fields": {"name": "Can view historical Descripcion especifica nivel de desempeño", "content_type": 51, "codename": "view_historicaldescripcionnivelejecucion"}}, {"model": "auth.permission", "pk": 205, "fields": {"name": "Can add historical Competencia", "content_type": 52, "codename": "add_historicalcompetencia"}}, {"model": "auth.permission", "pk": 206, "fields": {"name": "Can change historical Competencia", "content_type": 52, "codename": "change_historicalcompetencia"}}, {"model": "auth.permission", "pk": 207, "fields": {"name": "Can delete historical Competencia", "content_type": 52, "codename": "delete_historicalcompetencia"}}, {"model": "auth.permission", "pk": 208, "fields": {"name": "Can view historical Competencia", "content_type": 52, "codename": "view_historicalcompetencia"}}, {"model": "auth.permission", "pk": 209, "fields": {"name": "Can add historical Banco de preguntas", "content_type": 53, "codename": "add_historicalbancopreguntas"}}, {"model": "auth.permission", "pk": 210, "fields": {"name": "Can change historical Banco de preguntas", "content_type": 53, "codename": "change_historicalbancopreguntas"}}, {"model": "auth.permission", "pk": 211, "fields": {"name": "Can delete historical Banco de preguntas", "content_type": 53, "codename": "delete_historicalbancopreguntas"}}, {"model": "auth.permission", "pk": 212, "fields": {"name": "Can view historical Banco de preguntas", "content_type": 53, "codename": "view_historicalbancopreguntas"}}, {"model": "auth.permission", "pk": 213, "fields": {"name": "Can add Descripcion especifica nivel de desempeño", "content_type": 54, "codename": "add_descripcionnivelejecucion"}}, {"model": "auth.permission", "pk": 214, "fields": {"name": "Can change Descripcion especifica nivel de desempeño", "content_type": 54, "codename": "change_descripcionnivelejecucion"}}, {"model": "auth.permission", "pk": 215, "fields": {"name": "Can delete Descripcion especifica nivel de desempeño", "content_type": 54, "codename": "delete_descripcionnivelejecucion"}}, {"model": "auth.permission", "pk": 216, "fields": {"name": "Can view Descripcion especifica nivel de desempeño", "content_type": 54, "codename": "view_descripcionnivelejecucion"}}, {"model": "auth.permission", "pk": 217, "fields": {"name": "Can add Usuario", "content_type": 55, "codename": "add_usuario"}}, {"model": "auth.permission", "pk": 218, "fields": {"name": "Can change Usuario", "content_type": 55, "codename": "change_usuario"}}, {"model": "auth.permission", "pk": 219, "fields": {"name": "Can delete Usuario", "content_type": 55, "codename": "delete_usuario"}}, {"model": "auth.permission", "pk": 220, "fields": {"name": "Can view Usuario", "content_type": 55, "codename": "view_usuario"}}, {"model": "auth.permission", "pk": 221, "fields": {"name": "Can add Rol", "content_type": 56, "codename": "add_rol"}}, {"model": "auth.permission", "pk": 222, "fields": {"name": "Can change Rol", "content_type": 56, "codename": "change_rol"}}, {"model": "auth.permission", "pk": 223, "fields": {"name": "Can delete Rol", "content_type": 56, "codename": "delete_rol"}}, {"model": "auth.permission", "pk": 224, "fields": {"name": "Can view Rol", "content_type": 56, "codename": "view_rol"}}, {"model": "auth.permission", "pk": 225, "fields": {"name": "Can add historical Usuario", "content_type": 57, "codename": "add_historicalusuario"}}, {"model": "auth.permission", "pk": 226, "fields": {"name": "Can change historical Usuario", "content_type": 57, "codename": "change_historicalusuario"}}, {"model": "auth.permission", "pk": 227, "fields": {"name": "Can delete historical Usuario", "content_type": 57, "codename": "delete_historicalusuario"}}, {"model": "auth.permission", "pk": 228, "fields": {"name": "Can view historical Usuario", "content_type": 57, "codename": "view_historicalusuario"}}, {"model": "auth.permission", "pk": 229, "fields": {"name": "Can add historical Rol", "content_type": 58, "codename": "add_historicalrol"}}, {"model": "auth.permission", "pk": 230, "fields": {"name": "Can change historical Rol", "content_type": 58, "codename": "change_historicalrol"}}, {"model": "auth.permission", "pk": 231, "fields": {"name": "Can delete historical Rol", "content_type": 58, "codename": "delete_historicalrol"}}, {"model": "auth.permission", "pk": 232, "fields": {"name": "Can view historical Rol", "content_type": 58, "codename": "view_historicalrol"}}, {"model": "auth.permission", "pk": 233, "fields": {"name": "Can add Token", "content_type": 59, "codename": "add_token"}}, {"model": "auth.permission", "pk": 234, "fields": {"name": "Can change Token", "content_type": 59, "codename": "change_token"}}, {"model": "auth.permission", "pk": 235, "fields": {"name": "Can delete Token", "content_type": 59, "codename": "delete_token"}}, {"model": "auth.permission", "pk": 236, "fields": {"name": "Can view Token", "content_type": 59, "codename": "view_token"}}, {"model": "auth.permission", "pk": 237, "fields": {"name": "Can add token", "content_type": 60, "codename": "add_tokenproxy"}}, {"model": "auth.permission", "pk": 238, "fields": {"name": "Can change token", "content_type": 60, "codename": "change_tokenproxy"}}, {"model": "auth.permission", "pk": 239, "fields": {"name": "Can delete token", "content_type": 60, "codename": "delete_tokenproxy"}}, {"model": "auth.permission", "pk": 240, "fields": {"name": "Can view token", "content_type": 60, "codename": "view_tokenproxy"}}, {"model": "contenttypes.contenttype", "pk": 1, "fields": {"app_label": "admin", "model": "logentry"}}, {"model": "contenttypes.contenttype", "pk": 2, "fields": {"app_label": "auth", "model": "permission"}}, {"model": "contenttypes.contenttype", "pk": 3, "fields": {"app_label": "auth", "model": "group"}}, {"model": "contenttypes.contenttype", "pk": 4, "fields": {"app_label": "contenttypes", "model": "contenttype"}}, {"model": "contenttypes.contenttype", "pk": 5, "fields": {"app_label": "sessions", "model": "session"}}, {"model": "contenttypes.contenttype", "pk": 6, "fields": {"app_label": "docente", "model": "docente"}}, {"model": "contenttypes.contenttype", "pk": 7, "fields": {"app_label": "docente", "model": "historicaldocente"}}, {"model": "contenttypes.contenttype", "pk": 8, "fields": {"app_label": "estudiante", "model": "estudiante"}}, {"model": "contenttypes.contenttype", "pk": 9, "fields": {"app_label": "estudiante", "model": "historicalestudiante"}}, {"model": "contenttypes.contenttype", "pk": 10, "fields": {"app_label": "institucional", "model": "facultad"}}, {"model": "contenttypes.contenttype", "pk": 11, "fields": {"app_label": "institucional", "model": "historicalfacultad"}}, {"model": "contenttypes.contenttype", "pk": 12, "fields": {"app_label": "institucional", "model": "historicalnivelacademico"}}, {"model": "contenttypes.contenttype", "pk": 13, "fields": {"app_label": "institucional", "model": "historicalprograma"}}, {"model": "contenttypes.contenttype", "pk": 14, "fields": {"app_label": "institucional", "model": "historicalsemestre"}}, {"model": "contenttypes.contenttype", "pk": 15, "fields": {"app_label": "institucional", "model": "nivelacademico"}}, {"model": "contenttypes.contenttype", "pk": 16, "fields": {"app_label": "institucional", "model": "semestre"}}, {"model": "contenttypes.contenttype", "pk": 17, "fields": {"app_label": "institucional", "model": "programa"}}, {"model": "contenttypes.contenttype", "pk": 18, "fields": {"app_label": "persona", "model": "historicalpersona"}}, {"model": "contenttypes.contenttype", "pk": 19, "fields": {"app_label": "persona", "model": "persona"}}, {"model": "contenttypes.contenttype", "pk": 20, "fields": {"app_label": "prueba", "model": "bancopreguntas"}}, {"model": "contenttypes.contenttype", "pk": 21, "fields": {"app_label": "prueba", "model": "competencia"}}, {"model": "contenttypes.contenttype", "pk": 22, "fields": {"app_label": "prueba", "model": "enunciadogrupopregunta"}}, {"model": "contenttypes.contenttype", "pk": 23, "fields": {"app_label": "prueba", "model": "enunciadopregunta"}}, {"model": "contenttypes.contenttype", "pk": 24, "fields": {"app_label": "prueba", "model": "grupopregunta"}}, {"model": "contenttypes.contenttype", "pk": 25, "fields": {"app_label": "prueba", "model": "justificacion"}}, {"model": "contenttypes.contenttype", "pk": 26, "fields": {"app_label": "prueba", "model": "modulo"}}, {"model": "contenttypes.contenttype", "pk": 27, "fields": {"app_label": "prueba", "model": "niveldificultad"}}, {"model": "contenttypes.contenttype", "pk": 28, "fields": {"app_label": "prueba", "model": "nivelejecucion"}}, {"model": "contenttypes.contenttype", "pk": 29, "fields": {"app_label": "prueba", "model": "opcionesletras"}}, {"model": "contenttypes.contenttype", "pk": 30, "fields": {"app_label": "prueba", "model": "prueba"}}, {"model": "contenttypes.contenttype", "pk": 31, "fields": {"app_label": "prueba", "model": "pruebasestudiante"}}, {"model": "contenttypes.contenttype", "pk": 32, "fields": {"app_label": "prueba", "model": "pregunta"}}, {"model": "contenttypes.contenttype", "pk": 33, "fields": {"app_label": "prueba", "model": "opcionpregunta"}}, {"model": "contenttypes.contenttype", "pk": 34, "fields": {"app_label": "prueba", "model": "imagenenunciadopregunta"}}, {"model": "contenttypes.contenttype", "pk": 35, "fields": {"app_label": "prueba", "model": "imagenenunciadogrupopregunta"}}, {"model": "contenttypes.contenttype", "pk": 36, "fields": {"app_label": "prueba", "model": "hojarespuesta"}}, {"model": "contenttypes.contenttype", "pk": 37, "fields": {"app_label": "prueba", "model": "historicalpruebasestudiante"}}, {"model": "contenttypes.contenttype", "pk": 38, "fields": {"app_label": "prueba", "model": "historicalprueba"}}, {"model": "contenttypes.contenttype", "pk": 39, "fields": {"app_label": "prueba", "model": "historicalpregunta"}}, {"model": "contenttypes.contenttype", "pk": 40, "fields": {"app_label": "prueba", "model": "historicalopcionpregunta"}}, {"model": "contenttypes.contenttype", "pk": 41, "fields": {"app_label": "prueba", "model": "historicalnivelejecucion"}}, {"model": "contenttypes.contenttype", "pk": 42, "fields": {"app_label": "prueba", "model": "historicalniveldificultad"}}, {"model": "contenttypes.contenttype", "pk": 43, "fields": {"app_label": "prueba", "model": "historicalmodulo"}}, {"model": "contenttypes.contenttype", "pk": 44, "fields": {"app_label": "prueba", "model": "historicaljustificacion"}}, {"model": "contenttypes.contenttype", "pk": 45, "fields": {"app_label": "prueba", "model": "historicalimagenenunciadopregunta"}}, {"model": "contenttypes.contenttype", "pk": 46, "fields": {"app_label": "prueba", "model": "historicalimagenenunciadogrupopregunta"}}, {"model": "contenttypes.contenttype", "pk": 47, "fields": {"app_label": "prueba", "model": "historicalhojarespuesta"}}, {"model": "contenttypes.contenttype", "pk": 48, "fields": {"app_label": "prueba", "model": "historicalgrupopregunta"}}, {"model": "contenttypes.contenttype", "pk": 49, "fields": {"app_label": "prueba", "model": "historicalenunciadopregunta"}}, {"model": "contenttypes.contenttype", "pk": 50, "fields": {"app_label": "prueba", "model": "historicalenunciadogrupopregunta"}}, {"model": "contenttypes.contenttype", "pk": 51, "fields": {"app_label": "prueba", "model": "historicaldescripcionnivelejecucion"}}, {"model": "contenttypes.contenttype", "pk": 52, "fields": {"app_label": "prueba", "model": "historicalcompetencia"}}, {"model": "contenttypes.contenttype", "pk": 53, "fields": {"app_label": "prueba", "model": "historicalbancopreguntas"}}, {"model": "contenttypes.contenttype", "pk": 54, "fields": {"app_label": "prueba", "model": "descripcionnivelejecucion"}}, {"model": "contenttypes.contenttype", "pk": 55, "fields": {"app_label": "usuario", "model": "usuario"}}, {"model": "contenttypes.contenttype", "pk": 56, "fields": {"app_label": "usuario", "model": "rol"}}, {"model": "contenttypes.contenttype", "pk": 57, "fields": {"app_label": "usuario", "model": "historicalusuario"}}, {"model": "contenttypes.contenttype", "pk": 58, "fields": {"app_label": "usuario", "model": "historicalrol"}}, {"model": "contenttypes.contenttype", "pk": 59, "fields": {"app_label": "authtoken", "model": "token"}}, {"model": "contenttypes.contenttype", "pk": 60, "fields": {"app_label": "authtoken", "model": "tokenproxy"}}, {"model": "sessions.session", "pk": "f517qscwdz2sc5wtbqy8rztj47iquv9r", "fields": {"session_data": ".eJxVjDsOwjAQBe_iGln-JP5Q0nMGa727wQFkS3FSIe4OkVJA-2bmvUSCbS1p67ykmcRZaHH63TLgg-sO6A711iS2ui5zlrsiD9rltRE_L4f7d1Cgl29tiLMHAxzNNAWTgxsdGwRQaD1BRhcVWO0GxMEH5AyRSTliy5rVGMX7AxOKORg:1mVOf7:J4EqU3VylOwZaaYUR7TW7Mxu0ekwW1TKKx_p-Jg2V-A", "expire_date": "2021-10-13T01:45:33.193Z"}}, {"model": "docente.historicaldocente", "pk": 1, "fields": {"id": 1, "estado": true, "fecha_creacion": "2021-09-29", "fecha_actualizacion": "2021-09-29", "fecha_eliminacion": "2021-09-29", "persona": 1, "nivel_academico": 2, "history_date": "2021-09-29T04:11:34.280Z", "history_change_reason": null, "history_type": "+", "history_user": 1}}, {"model": "docente.docente", "pk": 1, "fields": {"estado": true, "fecha_creacion": "2021-09-29", "fecha_actualizacion": "2021-09-29", "fecha_eliminacion": "2021-09-29", "persona": 1, "nivel_academico": 2, "programas": [1]}}, {"model": "estudiante.historicalestudiante", "pk": 1, "fields": {"id": 1, "estado": true, "fecha_creacion": "2021-09-29", "fecha_actualizacion": "2021-09-29", "fecha_eliminacion": "2021-09-29", "persona": 1, "nivel_academico": 2, "semestre_id": 10, "history_date": "2021-09-29T04:12:35.727Z", "history_change_reason": null, "history_type": "+", "history_user": 1}}, {"model": "estudiante.estudiante", "pk": 1, "fields": {"estado": true, "fecha_creacion": "2021-09-29", "fecha_actualizacion": "2021-09-29", "fecha_eliminacion": "2021-09-29", "persona": 1, "nivel_academico": 2, "semestre_id": 10, "programas": [1]}}, {"model": "institucional.historicalfacultad", "pk": 1, "fields": {"id": 1, "estado": true, "fecha_creacion": "2021-09-29", "fecha_actualizacion": "2021-09-29", "fecha_eliminacion": "2021-09-29", "nombre_facultad": "Ciencias Naturales e ingenieria", "history_date": "2021-09-29T04:04:26.907Z", "history_change_reason": null, "history_type": "+", "history_user": 1}}, {"model": "institucional.historicalfacultad", "pk": 2, "fields": {"id": 2, "estado": true, "fecha_creacion": "2021-09-29", "fecha_actualizacion": "2021-09-29", "fecha_eliminacion": "2021-09-29", "nombre_facultad": "Facultad de derecho", "history_date": "2021-09-29T04:04:52.841Z", "history_change_reason": null, "history_type": "+", "history_user": 1}}, {"model": "institucional.facultad", "pk": 1, "fields": {"estado": true, "fecha_creacion": "2021-09-29", "fecha_actualizacion": "2021-09-29", "fecha_eliminacion": "2021-09-29", "nombre_facultad": "Ciencias Naturales e ingenieria"}}, {"model": "institucional.facultad", "pk": 2, "fields": {"estado": true, "fecha_creacion": "2021-09-29", "fecha_actualizacion": "2021-09-29", "fecha_eliminacion": "2021-09-29", "nombre_facultad": "Facultad de derecho"}}, {"model": "institucional.historicalsemestre", "pk": 1, "fields": {"id": 1, "estado": true, "fecha_creacion": "2021-09-29", "fecha_actualizacion": "2021-09-29", "fecha_eliminacion": "2021-09-29", "semestre": "1", "history_date": "2021-09-29T04:08:52.813Z", "history_change_reason": null, "history_type": "+", "history_user": 1}}, {"model": "institucional.historicalsemestre", "pk": 2, "fields": {"id": 2, "estado": true, "fecha_creacion": "2021-09-29", "fecha_actualizacion": "2021-09-29", "fecha_eliminacion": "2021-09-29", "semestre": "2", "history_date": "2021-09-29T04:08:58.634Z", "history_change_reason": null, "history_type": "+", "history_user": 1}}, {"model": "institucional.historicalsemestre", "pk": 3, "fields": {"id": 3, "estado": true, "fecha_creacion": "2021-09-29", "fecha_actualizacion": "2021-09-29", "fecha_eliminacion": "2021-09-29", "semestre": "3", "history_date": "2021-09-29T04:09:03.140Z", "history_change_reason": null, "history_type": "+", "history_user": 1}}, {"model": "institucional.historicalsemestre", "pk": 4, "fields": {"id": 4, "estado": true, "fecha_creacion": "2021-09-29", "fecha_actualizacion": "2021-09-29", "fecha_eliminacion": "2021-09-29", "semestre": "4", "history_date": "2021-09-29T04:09:07.152Z", "history_change_reason": null, "history_type": "+", "history_user": 1}}, {"model": "institucional.historicalsemestre", "pk": 5, "fields": {"id": 5, "estado": true, "fecha_creacion": "2021-09-29", "fecha_actualizacion": "2021-09-29", "fecha_eliminacion": "2021-09-29", "semestre": "5", "history_date": "2021-09-29T04:09:11.752Z", "history_change_reason": null, "history_type": "+", "history_user": 1}}, {"model": "institucional.historicalsemestre", "pk": 6, "fields": {"id": 6, "estado": true, "fecha_creacion": "2021-09-29", "fecha_actualizacion": "2021-09-29", "fecha_eliminacion": "2021-09-29", "semestre": "6", "history_date": "2021-09-29T04:09:16.373Z", "history_change_reason": null, "history_type": "+", "history_user": 1}}, {"model": "institucional.historicalsemestre", "pk": 7, "fields": {"id": 7, "estado": true, "fecha_creacion": "2021-09-29", "fecha_actualizacion": "2021-09-29", "fecha_eliminacion": "2021-09-29", "semestre": "7", "history_date": "2021-09-29T04:09:20.649Z", "history_change_reason": null, "history_type": "+", "history_user": 1}}, {"model": "institucional.historicalsemestre", "pk": 8, "fields": {"id": 8, "estado": true, "fecha_creacion": "2021-09-29", "fecha_actualizacion": "2021-09-29", "fecha_eliminacion": "2021-09-29", "semestre": "8", "history_date": "2021-09-29T04:09:25.864Z", "history_change_reason": null, "history_type": "+", "history_user": 1}}, {"model": "institucional.historicalsemestre", "pk": 9, "fields": {"id": 9, "estado": true, "fecha_creacion": "2021-09-29", "fecha_actualizacion": "2021-09-29", "fecha_eliminacion": "2021-09-29", "semestre": "9", "history_date": "2021-09-29T04:09:32.121Z", "history_change_reason": null, "history_type": "+", "history_user": 1}}, {"model": "institucional.historicalsemestre", "pk": 10, "fields": {"id": 10, "estado": true, "fecha_creacion": "2021-09-29", "fecha_actualizacion": "2021-09-29", "fecha_eliminacion": "2021-09-29", "semestre": "10", "history_date": "2021-09-29T04:09:36.249Z", "history_change_reason": null, "history_type": "+", "history_user": 1}}, {"model": "institucional.semestre", "pk": 1, "fields": {"estado": true, "fecha_creacion": "2021-09-29", "fecha_actualizacion": "2021-09-29", "fecha_eliminacion": "2021-09-29", "semestre": "1"}}, {"model": "institucional.semestre", "pk": 2, "fields": {"estado": true, "fecha_creacion": "2021-09-29", "fecha_actualizacion": "2021-09-29", "fecha_eliminacion": "2021-09-29", "semestre": "2"}}, {"model": "institucional.semestre", "pk": 3, "fields": {"estado": true, "fecha_creacion": "2021-09-29", "fecha_actualizacion": "2021-09-29", "fecha_eliminacion": "2021-09-29", "semestre": "3"}}, {"model": "institucional.semestre", "pk": 4, "fields": {"estado": true, "fecha_creacion": "2021-09-29", "fecha_actualizacion": "2021-09-29", "fecha_eliminacion": "2021-09-29", "semestre": "4"}}, {"model": "institucional.semestre", "pk": 5, "fields": {"estado": true, "fecha_creacion": "2021-09-29", "fecha_actualizacion": "2021-09-29", "fecha_eliminacion": "2021-09-29", "semestre": "5"}}, {"model": "institucional.semestre", "pk": 6, "fields": {"estado": true, "fecha_creacion": "2021-09-29", "fecha_actualizacion": "2021-09-29", "fecha_eliminacion": "2021-09-29", "semestre": "6"}}, {"model": "institucional.semestre", "pk": 7, "fields": {"estado": true, "fecha_creacion": "2021-09-29", "fecha_actualizacion": "2021-09-29", "fecha_eliminacion": "2021-09-29", "semestre": "7"}}, {"model": "institucional.semestre", "pk": 8, "fields": {"estado": true, "fecha_creacion": "2021-09-29", "fecha_actualizacion": "2021-09-29", "fecha_eliminacion": "2021-09-29", "semestre": "8"}}, {"model": "institucional.semestre", "pk": 9, "fields": {"estado": true, "fecha_creacion": "2021-09-29", "fecha_actualizacion": "2021-09-29", "fecha_eliminacion": "2021-09-29", "semestre": "9"}}, {"model": "institucional.semestre", "pk": 10, "fields": {"estado": true, "fecha_creacion": "2021-09-29", "fecha_actualizacion": "2021-09-29", "fecha_eliminacion": "2021-09-29", "semestre": "10"}}, {"model": "institucional.historicalprograma", "pk": 1, "fields": {"id": 1, "estado": true, "fecha_creacion": "2021-09-29", "fecha_actualizacion": "2021-09-29", "fecha_eliminacion": "2021-09-29", "nombre_programa": "Ingeniería de sistemas", "creditos": 144, "semestres": 10, "facultad": 1, "history_date": "2021-09-29T04:06:45.082Z", "history_change_reason": null, "history_type": "+", "history_user": 1}}, {"model": "institucional.historicalprograma", "pk": 2, "fields": {"id": 2, "estado": true, "fecha_creacion": "2021-09-29", "fecha_actualizacion": "2021-09-29", "fecha_eliminacion": "2021-09-29", "nombre_programa": "Ingniería electrónica", "creditos": 144, "semestres": 10, "facultad": 1, "history_date": "2021-09-29T04:07:08.341Z", "history_change_reason": null, "history_type": "+", "history_user": 1}}, {"model": "institucional.historicalprograma", "pk": 3, "fields": {"id": 3, "estado": true, "fecha_creacion": "2021-09-29", "fecha_actualizacion": "2021-09-29", "fecha_eliminacion": "2021-09-29", "nombre_programa": "Ingeniería ambiental", "creditos": 144, "semestres": 10, "facultad": 1, "history_date": "2021-09-29T04:07:25.062Z", "history_change_reason": null, "history_type": "+", "history_user": 1}}, {"model": "institucional.historicalprograma", "pk": 4, "fields": {"id": 4, "estado": true, "fecha_creacion": "2021-09-29", "fecha_actualizacion": "2021-09-29", "fecha_eliminacion": "2021-09-29", "nombre_programa": "Ingeniería agrícola", "creditos": 144, "semestres": 10, "facultad": 1, "history_date": "2021-09-29T04:08:11.184Z", "history_change_reason": null, "history_type": "+", "history_user": 1}}, {"model": "institucional.historicalprograma", "pk": 5, "fields": {"id": 5, "estado": true, "fecha_creacion": "2021-09-29", "fecha_actualizacion": "2021-09-29", "fecha_eliminacion": "2021-09-29", "nombre_programa": "Derecho", "creditos": 140, "semestres": 10, "facultad": 2, "history_date": "2021-09-29T04:08:26.949Z", "history_change_reason": null, "history_type": "+", "history_user": 1}}, {"model": "institucional.programa", "pk": 1, "fields": {"estado": true, "fecha_creacion": "2021-09-29", "fecha_actualizacion": "2021-09-29", "fecha_eliminacion": "2021-09-29", "nombre_programa": "Ingeniería de sistemas", "creditos": 144, "semestres": 10, "facultad": 1}}, {"model": "institucional.programa", "pk": 2, "fields": {"estado": true, "fecha_creacion": "2021-09-29", "fecha_actualizacion": "2021-09-29", "fecha_eliminacion": "2021-09-29", "nombre_programa": "Ingniería electrónica", "creditos": 144, "semestres": 10, "facultad": 1}}, {"model": "institucional.programa", "pk": 3, "fields": {"estado": true, "fecha_creacion": "2021-09-29", "fecha_actualizacion": "2021-09-29", "fecha_eliminacion": "2021-09-29", "nombre_programa": "Ingeniería ambiental", "creditos": 144, "semestres": 10, "facultad": 1}}, {"model": "institucional.programa", "pk": 4, "fields": {"estado": true, "fecha_creacion": "2021-09-29", "fecha_actualizacion": "2021-09-29", "fecha_eliminacion": "2021-09-29", "nombre_programa": "Ingeniería agrícola", "creditos": 144, "semestres": 10, "facultad": 1}}, {"model": "institucional.programa", "pk": 5, "fields": {"estado": true, "fecha_creacion": "2021-09-29", "fecha_actualizacion": "2021-09-29", "fecha_eliminacion": "2021-09-29", "nombre_programa": "Derecho", "creditos": 140, "semestres": 10, "facultad": 2}}, {"model": "institucional.historicalnivelacademico", "pk": 1, "fields": {"id": 1, "estado": true, "fecha_creacion": "2021-09-29", "fecha_actualizacion": "2021-09-29", "fecha_eliminacion": "2021-09-29", "nivel_academico": "Pregrado", "history_date": "2021-09-29T04:05:40.250Z", "history_change_reason": null, "history_type": "+", "history_user": 1}}, {"model": "institucional.historicalnivelacademico", "pk": 2, "fields": {"id": 2, "estado": true, "fecha_creacion": "2021-09-29", "fecha_actualizacion": "2021-09-29", "fecha_eliminacion": "2021-09-29", "nivel_academico": "Postgrado", "history_date": "2021-09-29T04:05:47.643Z", "history_change_reason": null, "history_type": "+", "history_user": 1}}, {"model": "institucional.historicalnivelacademico", "pk": 3, "fields": {"id": 3, "estado": true, "fecha_creacion": "2021-09-29", "fecha_actualizacion": "2021-09-29", "fecha_eliminacion": "2021-09-29", "nivel_academico": "Magister", "history_date": "2021-09-29T04:06:03.060Z", "history_change_reason": null, "history_type": "+", "history_user": 1}}, {"model": "institucional.historicalnivelacademico", "pk": 4, "fields": {"id": 4, "estado": true, "fecha_creacion": "2021-09-29", "fecha_actualizacion": "2021-09-29", "fecha_eliminacion": "2021-09-29", "nivel_academico": "Doctorado", "history_date": "2021-09-29T04:06:12.178Z", "history_change_reason": null, "history_type": "+", "history_user": 1}}, {"model": "institucional.nivelacademico", "pk": 1, "fields": {"estado": true, "fecha_creacion": "2021-09-29", "fecha_actualizacion": "2021-09-29", "fecha_eliminacion": "2021-09-29", "nivel_academico": "Pregrado"}}, {"model": "institucional.nivelacademico", "pk": 2, "fields": {"estado": true, "fecha_creacion": "2021-09-29", "fecha_actualizacion": "2021-09-29", "fecha_eliminacion": "2021-09-29", "nivel_academico": "Postgrado"}}, {"model": "institucional.nivelacademico", "pk": 3, "fields": {"estado": true, "fecha_creacion": "2021-09-29", "fecha_actualizacion": "2021-09-29", "fecha_eliminacion": "2021-09-29", "nivel_academico": "Magister"}}, {"model": "institucional.nivelacademico", "pk": 4, "fields": {"estado": true, "fecha_creacion": "2021-09-29", "fecha_actualizacion": "2021-09-29", "fecha_eliminacion": "2021-09-29", "nivel_academico": "Doctorado"}}, {"model": "persona.historicalpersona", "pk": 1, "fields": {"id": 1, "estado": true, "fecha_creacion": "2021-09-29", "fecha_actualizacion": "2021-09-29", "fecha_eliminacion": "2021-09-29", "identificacion": 123456789, "primer_nombre": "Juan", "segundo_nombre": "Sebastián", "primer_apellido": "Ochoa", "segundo_apellido": null, "genero": "M", "rh": "B+", "estado_civil": "VIUDO", "telefono": "1234567890", "fecha_nacimiento": "2021-09-29", "usuario": 1, "history_date": "2021-09-29T04:11:07.206Z", "history_change_reason": null, "history_type": "+", "history_user": 1}}, {"model": "persona.persona", "pk": 1, "fields": {"estado": true, "fecha_creacion": "2021-09-29", "fecha_actualizacion": "2021-09-29", "fecha_eliminacion": "2021-09-29", "identificacion": 123456789, "primer_nombre": "Juan", "segundo_nombre": "Sebastián", "primer_apellido": "Ochoa", "segundo_apellido": null, "genero": "M", "rh": "B+", "estado_civil": "VIUDO", "telefono": "1234567890", "fecha_nacimiento": "2021-09-29", "usuario": 1}}, {"model": "prueba.opcionesletras", "pk": 1, "fields": {"estado": true, "fecha_creacion": "2021-09-29", "fecha_actualizacion": "2021-09-29", "fecha_eliminacion": "2021-09-29", "letra": "A"}}, {"model": "prueba.opcionesletras", "pk": 2, "fields": {"estado": true, "fecha_creacion": "2021-09-29", "fecha_actualizacion": "2021-09-29", "fecha_eliminacion": "2021-09-29", "letra": "B"}}, {"model": "prueba.opcionesletras", "pk": 3, "fields": {"estado": true, "fecha_creacion": "2021-09-29", "fecha_actualizacion": "2021-09-29", "fecha_eliminacion": "2021-09-29", "letra": "C"}}, {"model": "prueba.opcionesletras", "pk": 4, "fields": {"estado": true, "fecha_creacion": "2021-09-29", "fecha_actualizacion": "2021-09-29", "fecha_eliminacion": "2021-09-29", "letra": "D"}}, {"model": "prueba.opcionesletras", "pk": 5, "fields": {"estado": true, "fecha_creacion": "2021-09-29", "fecha_actualizacion": "2021-09-29", "fecha_eliminacion": "2021-09-29", "letra": "E"}}, {"model": "prueba.opcionesletras", "pk": 6, "fields": {"estado": true, "fecha_creacion": "2021-09-29", "fecha_actualizacion": "2021-09-29", "fecha_eliminacion": "2021-09-29", "letra": "F"}}, {"model": "prueba.opcionesletras", "pk": 7, "fields": {"estado": true, "fecha_creacion": "2021-09-29", "fecha_actualizacion": "2021-09-29", "fecha_eliminacion": "2021-09-29", "letra": "G"}}, {"model": "prueba.historicalmodulo", "pk": 1, "fields": {"id": 1, "estado": true, "fecha_creacion": "2021-09-29", "fecha_actualizacion": "2021-09-29", "fecha_eliminacion": "2021-09-29", "nombre_modulo": "Razonamiento cuantitativo", "history_date": "2021-09-29T01:50:07.146Z", "history_change_reason": null, "history_type": "+", "history_user": 1}}, {"model": "prueba.historicalmodulo", "pk": 2, "fields": {"id": 2, "estado": true, "fecha_creacion": "2021-09-29", "fecha_actualizacion": "2021-09-29", "fecha_eliminacion": "2021-09-29", "nombre_modulo": "Ingles", "history_date": "2021-09-29T01:50:13.929Z", "history_change_reason": null, "history_type": "+", "history_user": 1}}, {"model": "prueba.historicalmodulo", "pk": 3, "fields": {"id": 3, "estado": true, "fecha_creacion": "2021-09-29", "fecha_actualizacion": "2021-09-29", "fecha_eliminacion": "2021-09-29", "nombre_modulo": "Lectura critica", "history_date": "2021-09-29T01:50:28.826Z", "history_change_reason": null, "history_type": "+", "history_user": 1}}, {"model": "prueba.historicalmodulo", "pk": 4, "fields": {"id": 3, "estado": true, "fecha_creacion": "2021-09-29", "fecha_actualizacion": "2021-09-29", "fecha_eliminacion": "2021-09-29", "nombre_modulo": "Lectura crítica", "history_date": "2021-09-29T02:03:23.314Z", "history_change_reason": null, "history_type": "~", "history_user": 1}}, {"model": "prueba.historicalmodulo", "pk": 5, "fields": {"id": 4, "estado": true, "fecha_creacion": "2021-09-29", "fecha_actualizacion": "2021-09-29", "fecha_eliminacion": "2021-09-29", "nombre_modulo": "Competencias Ciudadanas", "history_date": "2021-09-29T02:08:01.722Z", "history_change_reason": null, "history_type": "+", "history_user": 1}}, {"model": "prueba.modulo", "pk": 1, "fields": {"estado": true, "fecha_creacion": "2021-09-29", "fecha_actualizacion": "2021-09-29", "fecha_eliminacion": "2021-09-29", "nombre_modulo": "Razonamiento cuantitativo"}}, {"model": "prueba.modulo", "pk": 2, "fields": {"estado": true, "fecha_creacion": "2021-09-29", "fecha_actualizacion": "2021-09-29", "fecha_eliminacion": "2021-09-29", "nombre_modulo": "Ingles"}}, {"model": "prueba.modulo", "pk": 3, "fields": {"estado": true, "fecha_creacion": "2021-09-29", "fecha_actualizacion": "2021-09-29", "fecha_eliminacion": "2021-09-29", "nombre_modulo": "Lectura crítica"}}, {"model": "prueba.modulo", "pk": 4, "fields": {"estado": true, "fecha_creacion": "2021-09-29", "fecha_actualizacion": "2021-09-29", "fecha_eliminacion": "2021-09-29", "nombre_modulo": "Competencias Ciudadanas"}}, {"model": "prueba.historicalcompetencia", "pk": 1, "fields": {"id": 1, "estado": true, "fecha_creacion": "2021-09-29", "fecha_actualizacion": "2021-09-29", "fecha_eliminacion": "2021-09-29", "nombre_competencia": "Interpretación y representación de datos cuantitativos en distintos formatos: tablas, gráficos, esquemas, etc.", "porcentaje": 33.333, "modulo": 1, "history_date": "2021-09-29T02:23:03.053Z", "history_change_reason": null, "history_type": "+", "history_user": 1}}, {"model": "prueba.historicalcompetencia", "pk": 2, "fields": {"id": 2, "estado": true, "fecha_creacion": "2021-09-29", "fecha_actualizacion": "2021-09-29", "fecha_eliminacion": "2021-09-29", "nombre_competencia": "Formulación y ejecución de la solución aun problema", "porcentaje": 33.333, "modulo": 1, "history_date": "2021-09-29T02:23:39.494Z", "history_change_reason": null, "history_type": "+", "history_user": 1}}, {"model": "prueba.historicalcompetencia", "pk": 3, "fields": {"id": 3, "estado": true, "fecha_creacion": "2021-09-29", "fecha_actualizacion": "2021-09-29", "fecha_eliminacion": "2021-09-29", "nombre_competencia": "Argumentación, donde se sustente la validez de la solución del problema.", "porcentaje": 25.0, "modulo": 1, "history_date": "2021-09-29T02:24:46.808Z", "history_change_reason": null, "history_type": "+", "history_user": 1}}, {"model": "prueba.historicalcompetencia", "pk": 4, "fields": {"id": 4, "estado": true, "fecha_creacion": "2021-09-29", "fecha_actualizacion": "2021-09-29", "fecha_eliminacion": "2021-09-29", "nombre_competencia": "Pensmaiento social, que se refiere al conocimiento de la Constitución Política de Colombia.", "porcentaje": 25.0, "modulo": 4, "history_date": "2021-09-29T02:26:32.034Z", "history_change_reason": null, "history_type": "+", "history_user": 1}}, {"model": "prueba.historicalcompetencia", "pk": 5, "fields": {"id": 5, "estado": true, "fecha_creacion": "2021-09-29", "fecha_actualizacion": "2021-09-29", "fecha_eliminacion": "2021-09-29", "nombre_competencia": "Argumentación, en la que el estudiante debe analizar la validez de un discrurso frente a una problemática social", "porcentaje": 25.0, "modulo": 4, "history_date": "2021-09-29T02:27:41.357Z", "history_change_reason": null, "history_type": "+", "history_user": 1}}, {"model": "prueba.historicalcompetencia", "pk": 6, "fields": {"id": 6, "estado": true, "fecha_creacion": "2021-09-29", "fecha_actualizacion": "2021-09-29", "fecha_eliminacion": "2021-09-29", "nombre_competencia": "Multiperspectivismo, que es la capacidad del estudiante de observar a una problemátiva desde distintas perspectivas.", "porcentaje": 25.0, "modulo": 4, "history_date": "2021-09-29T02:28:46.095Z", "history_change_reason": null, "history_type": "+", "history_user": 1}}, {"model": "prueba.historicalcompetencia", "pk": 7, "fields": {"id": 7, "estado": true, "fecha_creacion": "2021-09-29", "fecha_actualizacion": "2021-09-29", "fecha_eliminacion": "2021-09-29", "nombre_competencia": "Pensamiento sistémico, en donde el estudiante debe comprender una realidad social entendiendo todas las dimensiones que la conforman y evaluar la posibilidad de una posible aplicabilidad de una posible solución.", "porcentaje": 25.0, "modulo": 4, "history_date": "2021-09-29T02:31:28.925Z", "history_change_reason": null, "history_type": "+", "history_user": 1}}, {"model": "prueba.historicalcompetencia", "pk": 8, "fields": {"id": 8, "estado": true, "fecha_creacion": "2021-09-29", "fecha_actualizacion": "2021-09-29", "fecha_eliminacion": "2021-09-29", "nombre_competencia": "Identificar y entender los eventos, ideas, afirmaciones y demas elementos que conforman un texto.", "porcentaje": 33.333, "modulo": 3, "history_date": "2021-09-29T02:32:51.872Z", "history_change_reason": null, "history_type": "+", "history_user": 1}}, {"model": "prueba.historicalcompetencia", "pk": 9, "fields": {"id": 9, "estado": true, "fecha_creacion": "2021-09-29", "fecha_actualizacion": "2021-09-29", "fecha_eliminacion": "2021-09-29", "nombre_competencia": "Comprender cómo se enlazan las partes de un texto para darle un sentido global.", "porcentaje": 33.333, "modulo": 3, "history_date": "2021-09-29T02:33:49.613Z", "history_change_reason": null, "history_type": "+", "history_user": 1}}, {"model": "prueba.historicalcompetencia", "pk": 10, "fields": {"id": 10, "estado": true, "fecha_creacion": "2021-09-29", "fecha_actualizacion": "2021-09-29", "fecha_eliminacion": "2021-09-29", "nombre_competencia": "Reflexionar  apartir de un texto y evaluar su contenido.", "porcentaje": 33.333, "modulo": 3, "history_date": "2021-09-29T02:34:22.885Z", "history_change_reason": null, "history_type": "+", "history_user": 1}}, {"model": "prueba.historicalcompetencia", "pk": 11, "fields": {"id": 3, "estado": true, "fecha_creacion": "2021-09-29", "fecha_actualizacion": "2021-09-29", "fecha_eliminacion": "2021-09-29", "nombre_competencia": "Argumentación, donde se sustente la validez de la solución del problema.", "porcentaje": 33.333, "modulo": 1, "history_date": "2021-09-29T02:35:31.761Z", "history_change_reason": null, "history_type": "~", "history_user": 1}}, {"model": "prueba.competencia", "pk": 1, "fields": {"estado": true, "fecha_creacion": "2021-09-29", "fecha_actualizacion": "2021-09-29", "fecha_eliminacion": "2021-09-29", "nombre_competencia": "Interpretación y representación de datos cuantitativos en distintos formatos: tablas, gráficos, esquemas, etc.", "porcentaje": 33.333, "modulo": 1}}, {"model": "prueba.competencia", "pk": 2, "fields": {"estado": true, "fecha_creacion": "2021-09-29", "fecha_actualizacion": "2021-09-29", "fecha_eliminacion": "2021-09-29", "nombre_competencia": "Formulación y ejecución de la solución aun problema", "porcentaje": 33.333, "modulo": 1}}, {"model": "prueba.competencia", "pk": 3, "fields": {"estado": true, "fecha_creacion": "2021-09-29", "fecha_actualizacion": "2021-09-29", "fecha_eliminacion": "2021-09-29", "nombre_competencia": "Argumentación, donde se sustente la validez de la solución del problema.", "porcentaje": 33.333, "modulo": 1}}, {"model": "prueba.competencia", "pk": 4, "fields": {"estado": true, "fecha_creacion": "2021-09-29", "fecha_actualizacion": "2021-09-29", "fecha_eliminacion": "2021-09-29", "nombre_competencia": "Pensmaiento social, que se refiere al conocimiento de la Constitución Política de Colombia.", "porcentaje": 25.0, "modulo": 4}}, {"model": "prueba.competencia", "pk": 5, "fields": {"estado": true, "fecha_creacion": "2021-09-29", "fecha_actualizacion": "2021-09-29", "fecha_eliminacion": "2021-09-29", "nombre_competencia": "Argumentación, en la que el estudiante debe analizar la validez de un discrurso frente a una problemática social", "porcentaje": 25.0, "modulo": 4}}, {"model": "prueba.competencia", "pk": 6, "fields": {"estado": true, "fecha_creacion": "2021-09-29", "fecha_actualizacion": "2021-09-29", "fecha_eliminacion": "2021-09-29", "nombre_competencia": "Multiperspectivismo, que es la capacidad del estudiante de observar a una problemátiva desde distintas perspectivas.", "porcentaje": 25.0, "modulo": 4}}, {"model": "prueba.competencia", "pk": 7, "fields": {"estado": true, "fecha_creacion": "2021-09-29", "fecha_actualizacion": "2021-09-29", "fecha_eliminacion": "2021-09-29", "nombre_competencia": "Pensamiento sistémico, en donde el estudiante debe comprender una realidad social entendiendo todas las dimensiones que la conforman y evaluar la posibilidad de una posible aplicabilidad de una posible solución.", "porcentaje": 25.0, "modulo": 4}}, {"model": "prueba.competencia", "pk": 8, "fields": {"estado": true, "fecha_creacion": "2021-09-29", "fecha_actualizacion": "2021-09-29", "fecha_eliminacion": "2021-09-29", "nombre_competencia": "Identificar y entender los eventos, ideas, afirmaciones y demas elementos que conforman un texto.", "porcentaje": 33.333, "modulo": 3}}, {"model": "prueba.competencia", "pk": 9, "fields": {"estado": true, "fecha_creacion": "2021-09-29", "fecha_actualizacion": "2021-09-29", "fecha_eliminacion": "2021-09-29", "nombre_competencia": "Comprender cómo se enlazan las partes de un texto para darle un sentido global.", "porcentaje": 33.333, "modulo": 3}}, {"model": "prueba.competencia", "pk": 10, "fields": {"estado": true, "fecha_creacion": "2021-09-29", "fecha_actualizacion": "2021-09-29", "fecha_eliminacion": "2021-09-29", "nombre_competencia": "Reflexionar  apartir de un texto y evaluar su contenido.", "porcentaje": 33.333, "modulo": 3}}, {"model": "prueba.historicalniveldificultad", "pk": 1, "fields": {"id": 1, "estado": true, "fecha_creacion": "2021-09-29", "fecha_actualizacion": "2021-09-29", "fecha_eliminacion": "2021-09-29", "dificultad": "MUY BAJA", "history_date": "2021-09-29T01:51:01.325Z", "history_change_reason": null, "history_type": "+", "history_user": 1}}, {"model": "prueba.historicalniveldificultad", "pk": 2, "fields": {"id": 2, "estado": true, "fecha_creacion": "2021-09-29", "fecha_actualizacion": "2021-09-29", "fecha_eliminacion": "2021-09-29", "dificultad": "BAJA", "history_date": "2021-09-29T01:51:07.758Z", "history_change_reason": null, "history_type": "+", "history_user": 1}}, {"model": "prueba.historicalniveldificultad", "pk": 3, "fields": {"id": 3, "estado": true, "fecha_creacion": "2021-09-29", "fecha_actualizacion": "2021-09-29", "fecha_eliminacion": "2021-09-29", "dificultad": "MEDIO BAJA", "history_date": "2021-09-29T01:51:14.293Z", "history_change_reason": null, "history_type": "+", "history_user": 1}}, {"model": "prueba.historicalniveldificultad", "pk": 4, "fields": {"id": 4, "estado": true, "fecha_creacion": "2021-09-29", "fecha_actualizacion": "2021-09-29", "fecha_eliminacion": "2021-09-29", "dificultad": "MEDIA", "history_date": "2021-09-29T01:51:29.146Z", "history_change_reason": null, "history_type": "+", "history_user": 1}}, {"model": "prueba.historicalniveldificultad", "pk": 5, "fields": {"id": 5, "estado": true, "fecha_creacion": "2021-09-29", "fecha_actualizacion": "2021-09-29", "fecha_eliminacion": "2021-09-29", "dificultad": "MEDIO ALTA", "history_date": "2021-09-29T01:51:36.111Z", "history_change_reason": null, "history_type": "+", "history_user": 1}}, {"model": "prueba.historicalniveldificultad", "pk": 6, "fields": {"id": 6, "estado": true, "fecha_creacion": "2021-09-29", "fecha_actualizacion": "2021-09-29", "fecha_eliminacion": "2021-09-29", "dificultad": "ALTA", "history_date": "2021-09-29T01:51:41.876Z", "history_change_reason": null, "history_type": "+", "history_user": 1}}, {"model": "prueba.historicalniveldificultad", "pk": 7, "fields": {"id": 7, "estado": true, "fecha_creacion": "2021-09-29", "fecha_actualizacion": "2021-09-29", "fecha_eliminacion": "2021-09-29", "dificultad": "MUY ALTA", "history_date": "2021-09-29T01:51:51.870Z", "history_change_reason": null, "history_type": "+", "history_user": 1}}, {"model": "prueba.niveldificultad", "pk": 1, "fields": {"estado": true, "fecha_creacion": "2021-09-29", "fecha_actualizacion": "2021-09-29", "fecha_eliminacion": "2021-09-29", "dificultad": "MUY BAJA"}}, {"model": "prueba.niveldificultad", "pk": 2, "fields": {"estado": true, "fecha_creacion": "2021-09-29", "fecha_actualizacion": "2021-09-29", "fecha_eliminacion": "2021-09-29", "dificultad": "BAJA"}}, {"model": "prueba.niveldificultad", "pk": 3, "fields": {"estado": true, "fecha_creacion": "2021-09-29", "fecha_actualizacion": "2021-09-29", "fecha_eliminacion": "2021-09-29", "dificultad": "MEDIO BAJA"}}, {"model": "prueba.niveldificultad", "pk": 4, "fields": {"estado": true, "fecha_creacion": "2021-09-29", "fecha_actualizacion": "2021-09-29", "fecha_eliminacion": "2021-09-29", "dificultad": "MEDIA"}}, {"model": "prueba.niveldificultad", "pk": 5, "fields": {"estado": true, "fecha_creacion": "2021-09-29", "fecha_actualizacion": "2021-09-29", "fecha_eliminacion": "2021-09-29", "dificultad": "MEDIO ALTA"}}, {"model": "prueba.niveldificultad", "pk": 6, "fields": {"estado": true, "fecha_creacion": "2021-09-29", "fecha_actualizacion": "2021-09-29", "fecha_eliminacion": "2021-09-29", "dificultad": "ALTA"}}, {"model": "prueba.niveldificultad", "pk": 7, "fields": {"estado": true, "fecha_creacion": "2021-09-29", "fecha_actualizacion": "2021-09-29", "fecha_eliminacion": "2021-09-29", "dificultad": "MUY ALTA"}}, {"model": "prueba.historicalnivelejecucion", "pk": 1, "fields": {"id": 1, "estado": true, "fecha_creacion": "2021-09-29", "fecha_actualizacion": "2021-09-29", "fecha_eliminacion": "2021-09-29", "nivel_ejecucion": "Nivel uno", "puntaje_minimo": 0, "puntaje_maximo": 125, "descripcion_general": "ok", "modulo": 1, "nivel_dificultad": 2, "history_date": "2021-09-29T01:56:00.417Z", "history_change_reason": null, "history_type": "+", "history_user": 1}}, {"model": "prueba.historicalnivelejecucion", "pk": 2, "fields": {"id": 2, "estado": true, "fecha_creacion": "2021-09-29", "fecha_actualizacion": "2021-09-29", "fecha_eliminacion": "2021-09-29", "nivel_ejecucion": "Nivel dos", "puntaje_minimo": 126, "puntaje_maximo": 153, "descripcion_general": "ok", "modulo": 1, "nivel_dificultad": 4, "history_date": "2021-09-29T01:57:16.867Z", "history_change_reason": null, "history_type": "+", "history_user": 1}}, {"model": "prueba.historicalnivelejecucion", "pk": 3, "fields": {"id": 3, "estado": true, "fecha_creacion": "2021-09-29", "fecha_actualizacion": "2021-09-29", "fecha_eliminacion": "2021-09-29", "nivel_ejecucion": "Nivel tres", "puntaje_minimo": 154, "puntaje_maximo": 201, "descripcion_general": "ok", "modulo": 1, "nivel_dificultad": 5, "history_date": "2021-09-29T01:58:07.168Z", "history_change_reason": null, "history_type": "+", "history_user": 1}}, {"model": "prueba.historicalnivelejecucion", "pk": 4, "fields": {"id": 4, "estado": true, "fecha_creacion": "2021-09-29", "fecha_actualizacion": "2021-09-29", "fecha_eliminacion": "2021-09-29", "nivel_ejecucion": "Nivel cuatro", "puntaje_minimo": 202, "puntaje_maximo": 300, "descripcion_general": "ok", "modulo": 1, "nivel_dificultad": 6, "history_date": "2021-09-29T01:58:52.839Z", "history_change_reason": null, "history_type": "+", "history_user": 1}}, {"model": "prueba.historicalnivelejecucion", "pk": 5, "fields": {"id": 5, "estado": true, "fecha_creacion": "2021-09-29", "fecha_actualizacion": "2021-09-29", "fecha_eliminacion": "2021-09-29", "nivel_ejecucion": "Nivel -A1", "puntaje_minimo": 0, "puntaje_maximo": 122, "descripcion_general": "ok", "modulo": 2, "nivel_dificultad": 1, "history_date": "2021-09-29T01:59:48.306Z", "history_change_reason": null, "history_type": "+", "history_user": 1}}, {"model": "prueba.historicalnivelejecucion", "pk": 6, "fields": {"id": 6, "estado": true, "fecha_creacion": "2021-09-29", "fecha_actualizacion": "2021-09-29", "fecha_eliminacion": "2021-09-29", "nivel_ejecucion": "Nivel A1", "puntaje_minimo": 123, "puntaje_maximo": 145, "descripcion_general": "ok", "modulo": 2, "nivel_dificultad": 2, "history_date": "2021-09-29T02:00:28.716Z", "history_change_reason": null, "history_type": "+", "history_user": 1}}, {"model": "prueba.historicalnivelejecucion", "pk": 7, "fields": {"id": 7, "estado": true, "fecha_creacion": "2021-09-29", "fecha_actualizacion": "2021-09-29", "fecha_eliminacion": "2021-09-29", "nivel_ejecucion": "Nivel A2", "puntaje_minimo": 146, "puntaje_maximo": 170, "descripcion_general": "ok", "modulo": 2, "nivel_dificultad": 4, "history_date": "2021-09-29T02:01:24.507Z", "history_change_reason": null, "history_type": "+", "history_user": 1}}, {"model": "prueba.historicalnivelejecucion", "pk": 8, "fields": {"id": 8, "estado": true, "fecha_creacion": "2021-09-29", "fecha_actualizacion": "2021-09-29", "fecha_eliminacion": "2021-09-29", "nivel_ejecucion": "Nivel B1", "puntaje_minimo": 171, "puntaje_maximo": 199, "descripcion_general": "ok", "modulo": 2, "nivel_dificultad": 5, "history_date": "2021-09-29T02:02:00.007Z", "history_change_reason": null, "history_type": "+", "history_user": 1}}, {"model": "prueba.historicalnivelejecucion", "pk": 9, "fields": {"id": 9, "estado": true, "fecha_creacion": "2021-09-29", "fecha_actualizacion": "2021-09-29", "fecha_eliminacion": "2021-09-29", "nivel_ejecucion": "Nivel B2", "puntaje_minimo": 200, "puntaje_maximo": 300, "descripcion_general": "ok", "modulo": 2, "nivel_dificultad": 6, "history_date": "2021-09-29T02:02:36.132Z", "history_change_reason": null, "history_type": "+", "history_user": 1}}, {"model": "prueba.historicalnivelejecucion", "pk": 10, "fields": {"id": 10, "estado": true, "fecha_creacion": "2021-09-29", "fecha_actualizacion": "2021-09-29", "fecha_eliminacion": "2021-09-29", "nivel_ejecucion": "Nivel 1 - lectura crítica", "puntaje_minimo": 0, "puntaje_maximo": 125, "descripcion_general": "ok", "modulo": 3, "nivel_dificultad": 2, "history_date": "2021-09-29T02:05:30.092Z", "history_change_reason": null, "history_type": "+", "history_user": 1}}, {"model": "prueba.historicalnivelejecucion", "pk": 11, "fields": {"id": 11, "estado": true, "fecha_creacion": "2021-09-29", "fecha_actualizacion": "2021-09-29", "fecha_eliminacion": "2021-09-29", "nivel_ejecucion": "Nivel 2 - lectura crítica", "puntaje_minimo": 126, "puntaje_maximo": 153, "descripcion_general": "ok", "modulo": 3, "nivel_dificultad": 4, "history_date": "2021-09-29T02:06:25.450Z", "history_change_reason": null, "history_type": "+", "history_user": 1}}, {"model": "prueba.historicalnivelejecucion", "pk": 12, "fields": {"id": 12, "estado": true, "fecha_creacion": "2021-09-29", "fecha_actualizacion": "2021-09-29", "fecha_eliminacion": "2021-09-29", "nivel_ejecucion": "Nivel 3 - lectura crítica", "puntaje_minimo": 154, "puntaje_maximo": 201, "descripcion_general": "ok", "modulo": 3, "nivel_dificultad": 5, "history_date": "2021-09-29T02:06:57.992Z", "history_change_reason": null, "history_type": "+", "history_user": 1}}, {"model": "prueba.historicalnivelejecucion", "pk": 13, "fields": {"id": 13, "estado": true, "fecha_creacion": "2021-09-29", "fecha_actualizacion": "2021-09-29", "fecha_eliminacion": "2021-09-29", "nivel_ejecucion": "Nivel 4 - lectura crítica", "puntaje_minimo": 202, "puntaje_maximo": 300, "descripcion_general": "ok", "modulo": 3, "nivel_dificultad": 6, "history_date": "2021-09-29T02:07:35.922Z", "history_change_reason": null, "history_type": "+", "history_user": 1}}, {"model": "prueba.historicalnivelejecucion", "pk": 14, "fields": {"id": 14, "estado": true, "fecha_creacion": "2021-09-29", "fecha_actualizacion": "2021-09-29", "fecha_eliminacion": "2021-09-29", "nivel_ejecucion": "Nivel 1 - competencias ciudadanas", "puntaje_minimo": 0, "puntaje_maximo": 125, "descripcion_general": "ok", "modulo": 4, "nivel_dificultad": 2, "history_date": "2021-09-29T02:09:18.651Z", "history_change_reason": null, "history_type": "+", "history_user": 1}}, {"model": "prueba.historicalnivelejecucion", "pk": 15, "fields": {"id": 15, "estado": true, "fecha_creacion": "2021-09-29", "fecha_actualizacion": "2021-09-29", "fecha_eliminacion": "2021-09-29", "nivel_ejecucion": "Nivel 2 - competencias ciudadanas", "puntaje_minimo": 126, "puntaje_maximo": 156, "descripcion_general": "ok", "modulo": 4, "nivel_dificultad": 4, "history_date": "2021-09-29T02:09:47.246Z", "history_change_reason": null, "history_type": "+", "history_user": 1}}, {"model": "prueba.historicalnivelejecucion", "pk": 16, "fields": {"id": 16, "estado": true, "fecha_creacion": "2021-09-29", "fecha_actualizacion": "2021-09-29", "fecha_eliminacion": "2021-09-29", "nivel_ejecucion": "Nivel 3 - competencias ciudadanas", "puntaje_minimo": 157, "puntaje_maximo": 198, "descripcion_general": "ok", "modulo": 4, "nivel_dificultad": 5, "history_date": "2021-09-29T02:10:30.942Z", "history_change_reason": null, "history_type": "+", "history_user": 1}}, {"model": "prueba.historicalnivelejecucion", "pk": 17, "fields": {"id": 17, "estado": true, "fecha_creacion": "2021-09-29", "fecha_actualizacion": "2021-09-29", "fecha_eliminacion": "2021-09-29", "nivel_ejecucion": "Nivel 4 - competencias ciudadanas", "puntaje_minimo": 199, "puntaje_maximo": 300, "descripcion_general": "ok", "modulo": 4, "nivel_dificultad": 6, "history_date": "2021-09-29T02:10:57.965Z", "history_change_reason": null, "history_type": "+", "history_user": 1}}, {"model": "prueba.historicalnivelejecucion", "pk": 18, "fields": {"id": 1, "estado": true, "fecha_creacion": "2021-09-29", "fecha_actualizacion": "2021-09-29", "fecha_eliminacion": "2021-09-29", "nivel_ejecucion": "Nivel 1 - razonamiento cuantitativo", "puntaje_minimo": 0, "puntaje_maximo": 125, "descripcion_general": "ok", "modulo": 1, "nivel_dificultad": 2, "history_date": "2021-09-29T02:11:29.638Z", "history_change_reason": null, "history_type": "~", "history_user": 1}}, {"model": "prueba.historicalnivelejecucion", "pk": 19, "fields": {"id": 2, "estado": true, "fecha_creacion": "2021-09-29", "fecha_actualizacion": "2021-09-29", "fecha_eliminacion": "2021-09-29", "nivel_ejecucion": "Nivel 2 - razonamiento cuantitativo", "puntaje_minimo": 126, "puntaje_maximo": 153, "descripcion_general": "ok", "modulo": 1, "nivel_dificultad": 4, "history_date": "2021-09-29T02:11:48.361Z", "history_change_reason": null, "history_type": "~", "history_user": 1}}, {"model": "prueba.historicalnivelejecucion", "pk": 20, "fields": {"id": 3, "estado": true, "fecha_creacion": "2021-09-29", "fecha_actualizacion": "2021-09-29", "fecha_eliminacion": "2021-09-29", "nivel_ejecucion": "Nivel 3 - razonamiento cuantitativo", "puntaje_minimo": 154, "puntaje_maximo": 201, "descripcion_general": "ok", "modulo": 1, "nivel_dificultad": 5, "history_date": "2021-09-29T02:11:57.382Z", "history_change_reason": null, "history_type": "~", "history_user": 1}}, {"model": "prueba.historicalnivelejecucion", "pk": 21, "fields": {"id": 4, "estado": true, "fecha_creacion": "2021-09-29", "fecha_actualizacion": "2021-09-29", "fecha_eliminacion": "2021-09-29", "nivel_ejecucion": "Nivel 4 - razonamiento cuantitativo", "puntaje_minimo": 202, "puntaje_maximo": 300, "descripcion_general": "ok", "modulo": 1, "nivel_dificultad": 6, "history_date": "2021-09-29T02:12:06.810Z", "history_change_reason": null, "history_type": "~", "history_user": 1}}, {"model": "prueba.nivelejecucion", "pk": 1, "fields": {"estado": true, "fecha_creacion": "2021-09-29", "fecha_actualizacion": "2021-09-29", "fecha_eliminacion": "2021-09-29", "nivel_ejecucion": "Nivel 1 - razonamiento cuantitativo", "puntaje_minimo": 0, "puntaje_maximo": 125, "descripcion_general": "ok", "modulo": 1, "nivel_dificultad": 2}}, {"model": "prueba.nivelejecucion", "pk": 2, "fields": {"estado": true, "fecha_creacion": "2021-09-29", "fecha_actualizacion": "2021-09-29", "fecha_eliminacion": "2021-09-29", "nivel_ejecucion": "Nivel 2 - razonamiento cuantitativo", "puntaje_minimo": 126, "puntaje_maximo": 153, "descripcion_general": "ok", "modulo": 1, "nivel_dificultad": 4}}, {"model": "prueba.nivelejecucion", "pk": 3, "fields": {"estado": true, "fecha_creacion": "2021-09-29", "fecha_actualizacion": "2021-09-29", "fecha_eliminacion": "2021-09-29", "nivel_ejecucion": "Nivel 3 - razonamiento cuantitativo", "puntaje_minimo": 154, "puntaje_maximo": 201, "descripcion_general": "ok", "modulo": 1, "nivel_dificultad": 5}}, {"model": "prueba.nivelejecucion", "pk": 4, "fields": {"estado": true, "fecha_creacion": "2021-09-29", "fecha_actualizacion": "2021-09-29", "fecha_eliminacion": "2021-09-29", "nivel_ejecucion": "Nivel 4 - razonamiento cuantitativo", "puntaje_minimo": 202, "puntaje_maximo": 300, "descripcion_general": "ok", "modulo": 1, "nivel_dificultad": 6}}, {"model": "prueba.nivelejecucion", "pk": 5, "fields": {"estado": true, "fecha_creacion": "2021-09-29", "fecha_actualizacion": "2021-09-29", "fecha_eliminacion": "2021-09-29", "nivel_ejecucion": "Nivel -A1", "puntaje_minimo": 0, "puntaje_maximo": 122, "descripcion_general": "ok", "modulo": 2, "nivel_dificultad": 1}}, {"model": "prueba.nivelejecucion", "pk": 6, "fields": {"estado": true, "fecha_creacion": "2021-09-29", "fecha_actualizacion": "2021-09-29", "fecha_eliminacion": "2021-09-29", "nivel_ejecucion": "Nivel A1", "puntaje_minimo": 123, "puntaje_maximo": 145, "descripcion_general": "ok", "modulo": 2, "nivel_dificultad": 2}}, {"model": "prueba.nivelejecucion", "pk": 7, "fields": {"estado": true, "fecha_creacion": "2021-09-29", "fecha_actualizacion": "2021-09-29", "fecha_eliminacion": "2021-09-29", "nivel_ejecucion": "Nivel A2", "puntaje_minimo": 146, "puntaje_maximo": 170, "descripcion_general": "ok", "modulo": 2, "nivel_dificultad": 4}}, {"model": "prueba.nivelejecucion", "pk": 8, "fields": {"estado": true, "fecha_creacion": "2021-09-29", "fecha_actualizacion": "2021-09-29", "fecha_eliminacion": "2021-09-29", "nivel_ejecucion": "Nivel B1", "puntaje_minimo": 171, "puntaje_maximo": 199, "descripcion_general": "ok", "modulo": 2, "nivel_dificultad": 5}}, {"model": "prueba.nivelejecucion", "pk": 9, "fields": {"estado": true, "fecha_creacion": "2021-09-29", "fecha_actualizacion": "2021-09-29", "fecha_eliminacion": "2021-09-29", "nivel_ejecucion": "Nivel B2", "puntaje_minimo": 200, "puntaje_maximo": 300, "descripcion_general": "ok", "modulo": 2, "nivel_dificultad": 6}}, {"model": "prueba.nivelejecucion", "pk": 10, "fields": {"estado": true, "fecha_creacion": "2021-09-29", "fecha_actualizacion": "2021-09-29", "fecha_eliminacion": "2021-09-29", "nivel_ejecucion": "Nivel 1 - lectura crítica", "puntaje_minimo": 0, "puntaje_maximo": 125, "descripcion_general": "ok", "modulo": 3, "nivel_dificultad": 2}}, {"model": "prueba.nivelejecucion", "pk": 11, "fields": {"estado": true, "fecha_creacion": "2021-09-29", "fecha_actualizacion": "2021-09-29", "fecha_eliminacion": "2021-09-29", "nivel_ejecucion": "Nivel 2 - lectura crítica", "puntaje_minimo": 126, "puntaje_maximo": 153, "descripcion_general": "ok", "modulo": 3, "nivel_dificultad": 4}}, {"model": "prueba.nivelejecucion", "pk": 12, "fields": {"estado": true, "fecha_creacion": "2021-09-29", "fecha_actualizacion": "2021-09-29", "fecha_eliminacion": "2021-09-29", "nivel_ejecucion": "Nivel 3 - lectura crítica", "puntaje_minimo": 154, "puntaje_maximo": 201, "descripcion_general": "ok", "modulo": 3, "nivel_dificultad": 5}}, {"model": "prueba.nivelejecucion", "pk": 13, "fields": {"estado": true, "fecha_creacion": "2021-09-29", "fecha_actualizacion": "2021-09-29", "fecha_eliminacion": "2021-09-29", "nivel_ejecucion": "Nivel 4 - lectura crítica", "puntaje_minimo": 202, "puntaje_maximo": 300, "descripcion_general": "ok", "modulo": 3, "nivel_dificultad": 6}}, {"model": "prueba.nivelejecucion", "pk": 14, "fields": {"estado": true, "fecha_creacion": "2021-09-29", "fecha_actualizacion": "2021-09-29", "fecha_eliminacion": "2021-09-29", "nivel_ejecucion": "Nivel 1 - competencias ciudadanas", "puntaje_minimo": 0, "puntaje_maximo": 125, "descripcion_general": "ok", "modulo": 4, "nivel_dificultad": 2}}, {"model": "prueba.nivelejecucion", "pk": 15, "fields": {"estado": true, "fecha_creacion": "2021-09-29", "fecha_actualizacion": "2021-09-29", "fecha_eliminacion": "2021-09-29", "nivel_ejecucion": "Nivel 2 - competencias ciudadanas", "puntaje_minimo": 126, "puntaje_maximo": 156, "descripcion_general": "ok", "modulo": 4, "nivel_dificultad": 4}}, {"model": "prueba.nivelejecucion", "pk": 16, "fields": {"estado": true, "fecha_creacion": "2021-09-29", "fecha_actualizacion": "2021-09-29", "fecha_eliminacion": "2021-09-29", "nivel_ejecucion": "Nivel 3 - competencias ciudadanas", "puntaje_minimo": 157, "puntaje_maximo": 198, "descripcion_general": "ok", "modulo": 4, "nivel_dificultad": 5}}, {"model": "prueba.nivelejecucion", "pk": 17, "fields": {"estado": true, "fecha_creacion": "2021-09-29", "fecha_actualizacion": "2021-09-29", "fecha_eliminacion": "2021-09-29", "nivel_ejecucion": "Nivel 4 - competencias ciudadanas", "puntaje_minimo": 199, "puntaje_maximo": 300, "descripcion_general": "ok", "modulo": 4, "nivel_dificultad": 6}}, {"model": "usuario.historicalusuario", "pk": 1, "fields": {"id": 1, "password": "pbkdf2_sha256$216000$FHlf8WaBiBcA$aDIQh0VnNBkYZeXwTPF+/nsgN8N0VQIkhVdlpR7fcfw=", "last_login": null, "is_superuser": true, "username": "juanse", "email": "juanse@gmail.com", "imagen": "", "is_active": true, "is_staff": true, "rol": null, "history_date": "2021-09-29T01:45:11.521Z", "history_change_reason": null, "history_type": "+", "history_user": null}}, {"model": "usuario.usuario", "pk": 1, "fields": {"password": "pbkdf2_sha256$216000$FHlf8WaBiBcA$aDIQh0VnNBkYZeXwTPF+/nsgN8N0VQIkhVdlpR7fcfw=", "last_login": null, "is_superuser": true, "username": "juanse", "email": "juanse@gmail.com", "imagen": "", "rol": null, "is_active": true, "is_staff": true, "groups": [], "user_permissions": []}}]